# chart,"Cumulative share of world GNI against cumulative share of world population, economies ranked by GNI per capita, 2026"
# source,"World Bank WDI, GNI per capita, Atlas method (NY.GNP.PCAP.CD) and population (SP.POP.TOTL); World Bank OGHIST (1 July 2026) for the operational thresholds; UN World Population Prospects 2024, medium variant; author's calculations and projections. Schellekens 2026, The Great Income Inversion, Moving Frontiers."
# note,"Economies are ranked from poorest to richest by GNI per capita. Each row adds that economy's population and its GNI to the running totals, so the two cumulative columns trace the curve."
# note,"World GNI per capita is $14801 in 2026. 63.9 percent of people live in an economy poorer than that, and those economies together hold 16.9 percent of world GNI."
# note,The poorest half of humanity holds 8.7 percent of world GNI; the richest tenth holds 49.5 percent.
# note,"Every person carries their own country's average, so these are measures of inequality between countries, not within them. A survey-based measure would be considerably wider."
# note,Values from 2026 reflect a nowcast based on a conservative constant-pace scenario that replicates country-level median per capita income growth over the last decade. See Schellekens 2026 for methodology.

rank_poorest_to_richest,iso3,economy,gni_per_capita_usd,ratio_to_world_average,population_millions,cumulative_population_share_percent,cumulative_gni_share_percent,at_or_below_world_average
1,BDI,Burundi,243.0,0.0164,14.729,0.181,0.003,yes
2,AFG,Afghanistan,394.9,0.0267,45.047,0.7346,0.0177,yes
3,MDG,Madagascar,577.3,0.039,33.522,1.1466,0.0338,yes
4,CAF,Central African Republic,578.6,0.0391,5.699,1.2166,0.0365,yes
5,MOZ,Mozambique,581.1,0.0393,36.64,1.6669,0.0542,yes
6,MWI,Malawi,611.2,0.0413,22.786,1.9469,0.0658,yes
7,SOM,"Somalia, Fed. Rep.",661.0,0.0447,20.306,2.1965,0.0769,yes
8,COD,"Congo, Dem. Rep.",752.0,0.0508,116.452,3.6276,0.1496,yes
9,NER,Niger,769.5,0.052,28.815,3.9818,0.1681,yes
10,SLE,Sierra Leone,840.3,0.0568,8.997,4.0923,0.1743,yes
11,LBR,Liberia,856.6,0.0579,5.854,4.1643,0.1785,yes
12,SDN,Sudan,911.2,0.0616,53.283,4.8191,0.2188,yes
13,GMB,"Gambia, The",979.5,0.0662,2.884,4.8545,0.2212,yes
14,TCD,Chad,982.1,0.0664,21.56,5.1195,0.2387,yes
15,BFA,Burkina Faso,1005.4,0.0679,24.602,5.4218,0.2593,yes
16,MLI,Mali,1149.2,0.0776,25.932,5.7405,0.284,yes
17,GNB,Guinea-Bissau,1150.6,0.0777,2.298,5.7688,0.2862,yes
18,UGA,Uganda,1167.2,0.0789,52.761,6.4172,0.3373,yes
19,ETH,Ethiopia,1172.1,0.0792,138.902,8.1242,0.4725,yes
20,RWA,Rwanda,1214.3,0.082,14.89,8.3072,0.4875,yes
21,ZMB,Zambia,1214.9,0.0821,22.522,8.584,0.5103,yes
22,LSO,Lesotho,1295.9,0.0876,2.389,8.6134,0.5128,yes
23,TZA,Tanzania,1301.2,0.0879,72.564,9.5051,0.5912,yes
24,MMR,Myanmar,1336.4,0.0903,55.185,10.1833,0.6525,yes
25,NGA,Nigeria,1376.9,0.093,242.432,13.1627,0.9296,yes
26,TGO,Togo,1407.9,0.0951,8.777,13.2706,0.9399,yes
27,TLS,Timor-Leste,1528.8,0.1033,1.437,13.2882,0.9417,yes
28,PAK,Pakistan,1564.1,0.1057,259.3,16.4749,1.2785,yes
29,NPL,Nepal,1657.3,0.112,29.629,16.839,1.3192,yes
30,BEN,Benin,1658.7,0.1121,15.17,17.0255,1.3401,yes
31,SEN,Senegal,1822.4,0.1231,19.367,17.2635,1.3694,yes
32,GIN,Guinea,1859.2,0.1256,15.442,17.4533,1.3933,yes
33,CMR,Cameroon,1895.7,0.1281,30.641,17.8298,1.4415,yes
34,COM,Comoros,2000.7,0.1352,0.899,17.8409,1.443,yes
35,SLB,Solomon Islands,2045.1,0.1382,0.858,17.8514,1.4444,yes
36,HTI,Haiti,2048.2,0.1384,12.038,17.9994,1.4649,yes
37,TJK,Tajikistan,2162.6,0.1461,10.979,18.1343,1.4846,yes
38,LAO,Lao PDR,2189.3,0.1479,7.974,18.2323,1.4991,yes
39,MRT,Mauritania,2288.7,0.1546,5.461,18.2994,1.5095,yes
40,COG,"Congo, Rep.",2311.2,0.1561,6.638,18.381,1.5222,yes
41,KEN,Kenya,2322.2,0.1569,58.636,19.1016,1.6353,yes
42,GHA,Ghana,2705.5,0.1828,35.698,19.5403,1.7155,yes
43,ZWE,Zimbabwe,2858.7,0.1931,17.274,19.7526,1.7565,yes
44,AGO,Angola,2895.6,0.1956,40.215,20.2468,1.8532,yes
45,CIV,Côte d'Ivoire,2895.9,0.1957,33.494,20.6584,1.9337,yes
46,PNG,Papua New Guinea,2926.0,0.1977,10.948,20.793,1.9603,yes
47,IND,India,2937.8,0.1985,1476.626,38.94,5.5622,yes
48,KHM,Cambodia,2955.1,0.1997,18.051,39.1619,5.6065,yes
49,NIC,Nicaragua,2964.5,0.2003,7.097,39.2491,5.6239,yes
50,KGZ,Kyrgyz Republic,3009.1,0.2033,7.449,39.3406,5.6425,yes
51,BGD,Bangladesh,3052.1,0.2062,177.818,41.5259,6.0932,yes
52,EGY,"Egypt, Arab Rep.",3300.6,0.223,120.101,43.0019,6.4223,yes
53,PSE,West Bank and Gaza,3364.3,0.2273,5.514,43.0697,6.4377,yes
54,HND,Honduras,3449.3,0.233,11.185,43.2071,6.4697,yes
55,LBN,Lebanon,3604.3,0.2435,5.897,43.2796,6.4874,yes
56,SWZ,Eswatini,3796.6,0.2565,1.27,43.2952,6.4914,yes
57,UZB,Uzbekistan,3886.8,0.2626,37.724,43.7588,6.6131,yes
58,VEN,"Venezuela, RB",3908.0,0.264,28.634,44.1107,6.706,yes
59,STP,São Tomé and Príncipe,4083.8,0.2759,0.245,44.1137,6.7069,yes
60,KIR,Kiribati,4103.1,0.2772,0.138,44.1154,6.7073,yes
61,DJI,Djibouti,4194.9,0.2834,1.199,44.1302,6.7115,yes
62,TUN,Tunisia,4353.5,0.2941,12.415,44.2828,6.7564,yes
63,NAM,Namibia,4394.0,0.2969,3.153,44.3215,6.7679,yes
64,MAR,Morocco,4449.2,0.3006,38.762,44.7979,6.9111,yes
65,BTN,Bhutan,4558.4,0.308,0.802,44.8077,6.9141,yes
66,VUT,Vanuatu,4632.5,0.313,0.343,44.8119,6.9155,yes
67,BOL,Bolivia,4668.9,0.3154,12.749,44.9686,6.9649,yes
68,IRN,"Iran, Islamic Rep.",4707.8,0.3181,93.168,46.1136,7.3291,yes
69,LKA,Sri Lanka,4801.5,0.3244,21.867,46.3824,7.4163,yes
70,FSM,"Micronesia, Fed. Sts.",4903.6,0.3313,0.114,46.3838,7.4167,yes
71,PHL,Philippines,5070.6,0.3426,117.724,47.8305,7.9124,yes
72,VNM,Viet Nam,5296.6,0.3578,102.177,49.0863,8.3617,yes
73,IDN,Indonesia,5365.2,0.3625,287.887,52.6243,9.6442,yes
74,JOR,Jordan,5381.3,0.3636,11.59,52.7667,9.696,yes
75,SLV,El Salvador,5666.8,0.3829,6.391,52.8452,9.726,yes
76,IRQ,Iraq,5760.8,0.3892,48.007,53.4352,9.9557,yes
77,WSM,Samoa,5845.5,0.3949,0.221,53.4379,9.9567,yes
78,UKR,Ukraine,5876.5,0.397,39.536,53.9238,10.1496,yes
79,DZA,Algeria,5942.5,0.4015,48.028,54.5141,10.3866,yes
80,GNQ,Equatorial Guinea,5963.3,0.4029,1.984,54.5384,10.3964,yes
81,CPV,Cabo Verde,5970.8,0.4034,0.53,54.545,10.3991,yes
82,SUR,Suriname,6259.7,0.4229,0.645,54.5529,10.4024,yes
83,ZAF,South Africa,6348.0,0.4289,65.453,55.3573,10.7474,yes
84,TKM,Turkmenistan,6418.9,0.4337,7.737,55.4523,10.7886,yes
85,FJI,Fiji,6435.2,0.4348,0.937,55.4639,10.7936,yes
86,MNG,Mongolia,6662.8,0.4502,3.609,55.5082,10.8136,yes
87,GTM,Guatemala,6726.3,0.4544,18.968,55.7413,10.9196,yes
88,PRY,Paraguay,6902.4,0.4663,7.095,55.8285,10.9602,yes
89,ECU,Ecuador,7008.4,0.4735,18.445,56.0552,11.0675,yes
90,TON,Tonga,7151.7,0.4832,0.103,56.0565,11.0682,yes
91,LBY,Libya,7340.2,0.4959,7.54,56.1491,11.1141,yes
92,BWA,Botswana,7605.6,0.5139,2.603,56.1811,11.1306,yes
93,AZE,Azerbaijan,7723.2,0.5218,10.303,56.3078,11.1966,yes
94,BLZ,Belize,7773.4,0.5252,0.429,56.313,11.1994,yes
95,THA,Thailand,7860.7,0.5311,71.56,57.1925,11.6664,yes
96,COL,Colombia,8230.7,0.5561,53.936,57.8553,12.035,yes
97,JAM,Jamaica,8257.6,0.5579,2.833,57.8901,12.0545,yes
98,GAB,Gabon,8307.7,0.5613,2.647,57.9227,12.0727,yes
99,XKX,Kosovo,8458.6,0.5715,1.57,57.942,12.0838,yes
100,MDA,Moldova,8780.2,0.5932,2.333,57.9706,12.1008,yes
101,PER,Peru,8901.5,0.6014,34.922,58.3998,12.3589,yes
102,GEO,Georgia,9805.5,0.6625,3.934,58.4482,12.3909,yes
103,BLR,Belarus,9822.2,0.6636,9.025,58.5591,12.4645,yes
104,ARM,Armenia,9838.2,0.6647,3.064,58.5967,12.4895,yes
105,MKD,North Macedonia,10071.9,0.6805,1.811,58.619,12.5047,yes
106,TUV,Tuvalu,10115.4,0.6834,0.009,58.6191,12.5048,yes
107,MHL,Marshall Islands,10288.8,0.6951,0.035,58.6195,12.5051,yes
108,BIH,Bosnia and Herzegovina,10707.1,0.7234,3.114,58.6578,12.5327,yes
109,BRA,Brazil,10849.6,0.733,213.563,61.2824,14.4566,yes
110,DOM,Dominican Republic,11176.7,0.7551,11.61,61.4251,14.5644,yes
111,DMA,Dominica,11252.2,0.7602,0.066,61.4259,14.565,yes
112,GRD,Grenada,12405.7,0.8382,0.117,61.4273,14.5662,yes
113,MYS,Malaysia,12673.6,0.8563,36.385,61.8745,14.9491,yes
114,VCT,St. Vincent and the Grenadines,12735.1,0.8604,0.099,61.8757,14.9501,yes
115,ALB,Albania,13154.0,0.8887,2.332,61.9043,14.9756,yes
116,MDV,Maldives,13857.2,0.9362,0.532,61.9109,14.9817,yes
117,LCA,St. Lucia,14226.1,0.9611,0.18,61.9131,14.9838,yes
118,MEX,Mexico,14386.3,0.972,132.998,63.5476,16.5725,yes
119,KAZ,Kazakhstan,14487.7,0.9788,21.084,63.8067,16.8261,yes
120,MUS,Mauritius,14583.3,0.9853,1.241,63.8219,16.8412,yes
121,SRB,Serbia,14702.8,0.9934,6.503,63.9018,16.9205,yes
122,CHN,China,14943.3,1.0096,1403.424,81.1493,34.3336,no
123,MNE,Montenegro,15433.6,1.0427,0.617,81.1569,34.3415,no
124,ARG,Argentina,15563.5,1.0515,46.004,81.7222,34.936,no
125,TUR,Türkiye,16659.1,1.1255,86.114,82.7805,36.1272,no
126,RUS,Russian Federation,17104.2,1.1556,142.912,84.5369,38.1568,no
127,CHL,Chile,17397.5,1.1754,19.946,84.782,38.4449,no
128,TTO,Trinidad and Tobago,18780.8,1.2689,1.37,84.7988,38.4663,no
129,CRI,Costa Rica,18852.9,1.2737,5.175,84.8624,38.5473,no
130,BGR,Bulgaria,19054.6,1.2874,6.388,84.9409,38.6483,no
131,PAN,Panama,20073.0,1.3562,4.626,84.9978,38.7254,no
132,OMN,Oman,20208.8,1.3654,5.671,85.0675,38.8206,no
133,SYC,Seychelles,20361.2,1.3756,0.125,85.069,38.8227,no
134,PLW,Palau,20588.6,1.391,0.018,85.0692,38.823,no
135,ROU,Romania,21637.4,1.4619,18.912,85.3016,39.1628,no
136,NRU,Nauru,22092.5,1.4926,0.012,85.3018,39.163,no
137,CUW,Curaçao,23300.5,1.5742,0.156,85.3037,39.166,no
138,PYF,French Polynesia,24399.8,1.6485,0.283,85.3072,39.1717,no
139,HUN,Hungary,25185.4,1.7016,9.468,85.4235,39.3697,no
140,URY,Uruguay,25192.1,1.702,3.383,85.4651,39.4405,no
141,ATG,Antigua and Barbuda,25351.6,1.7128,0.095,85.4663,39.4425,no
142,KNA,St. Kitts and Nevis,25654.3,1.7333,0.047,85.4669,39.4435,no
143,LVA,Latvia,26069.4,1.7613,1.83,85.4894,39.4831,no
144,GRC,Greece,26076.8,1.7618,10.37,85.6168,39.7076,no
145,HRV,Croatia,27178.0,1.8362,3.85,85.6641,39.7945,no
146,POL,Poland,27349.5,1.8478,36.151,86.1084,40.6155,no
147,SVK,Slovak Republic,27455.5,1.855,5.391,86.1746,40.7383,no
148,BRB,Barbados,27810.8,1.879,0.283,86.1781,40.7449,no
149,PRI,Puerto Rico (U.S.),28279.8,1.9106,3.172,86.2171,40.8194,no
150,BHR,Bahrain,29188.2,1.972,1.632,86.2372,40.8589,no
151,GUY,Guyana,30245.9,2.0435,0.841,86.2475,40.88,no
152,PRT,Portugal,31092.5,2.1007,10.788,86.3801,41.1585,no
153,LTU,Lithuania,32686.5,2.2084,2.855,86.4152,41.236,no
154,EST,Estonia,33693.4,2.2764,1.353,86.4318,41.2739,no
155,CZE,Czechia,34870.7,2.3559,10.803,86.5646,41.5867,no
156,BRN,Brunei Darussalam,35222.8,2.3797,0.47,86.5703,41.6004,no
157,SAU,Saudi Arabia,36736.8,2.482,37.615,87.0326,42.7478,no
158,ABW,Aruba,36985.7,2.4988,0.109,87.0339,42.7511,no
159,SVN,Slovenia,37174.7,2.5116,2.128,87.0601,42.8168,no
160,CYP,Cyprus,37222.1,2.5148,1.382,87.0771,42.8595,no
161,ESP,Spain,38088.1,2.5733,49.315,87.6831,44.4191,no
162,BHS,"Bahamas, The",38542.9,2.604,0.405,87.6881,44.4321,no
163,JPN,Japan,38816.9,2.6226,122.69,89.1959,48.3863,no
164,KOR,"Korea, Rep.",39038.9,2.6376,51.618,89.8303,50.0595,no
165,TCA,Turks and Caicos Islands,39311.6,2.656,0.047,89.8308,50.061,no
166,SXM,Sint Maarten (Dutch part),40320.0,2.7241,0.044,89.8314,50.0625,no
167,ITA,Italy,42603.5,2.8784,58.696,90.5527,52.1388,no
168,KWT,Kuwait,43376.8,2.9306,4.94,90.6135,52.3168,no
169,MLT,Malta,43543.9,2.9419,0.584,90.6206,52.3379,no
170,NZL,New Zealand,47210.1,3.1896,5.361,90.6865,52.548,no
171,FRA,France,49441.7,3.3404,68.819,91.5323,55.3731,no
172,ARE,United Arab Emirates,53945.9,3.6447,11.745,91.6766,55.8992,no
173,GBR,United Kingdom,55228.6,3.7314,69.867,92.5352,59.1031,no
174,FIN,Finland,55957.5,3.7806,5.645,92.6046,59.3654,no
175,CAN,Canada,58034.2,3.9209,42.006,93.1208,61.3894,no
176,ISR,Israel,58645.2,3.9622,10.262,93.2469,61.8891,no
177,DEU,Germany,61295.1,4.1412,83.063,94.2678,66.1165,no
178,AUT,Austria,61491.8,4.1545,9.202,94.3808,66.5864,no
179,BEL,Belgium,61503.9,4.1553,11.958,94.5278,67.197,no
180,SWE,Sweden,63793.8,4.3101,10.641,94.6586,67.7606,no
181,HKG,"Hong Kong SAR, China",65305.0,4.4121,7.481,94.7505,68.1663,no
182,AUS,Australia,65836.3,4.448,27.873,95.0931,69.69,no
183,NLD,Netherlands,69875.0,4.7209,18.188,95.3166,70.7452,no
184,MAC,"Macao SAR, China",73766.3,4.9838,0.687,95.325,70.7873,no
185,FRO,Faeroe Islands,74029.6,5.0016,0.055,95.3257,70.7907,no
186,QAT,Qatar,75254.7,5.0844,3.027,95.3629,70.9799,no
187,DNK,Denmark,78655.6,5.3141,6.03,95.437,71.3737,no
188,SGP,Singapore,84601.6,5.7159,6.148,95.5126,71.8055,no
189,CYM,Cayman Islands,87792.8,5.9315,0.077,95.5135,71.8112,no
190,IMN,Isle of Man,88112.7,5.9531,0.084,95.5146,71.8173,no
191,IRL,Ireland,90633.8,6.1234,5.535,95.5826,72.2338,no
192,USA,United States,92426.3,6.2445,343.517,99.8042,98.5961,no
193,ISL,Iceland,95616.1,6.46,0.396,99.8091,98.6276,no
194,LUX,Luxembourg,97552.7,6.5909,0.694,99.8176,98.6838,no
195,NOR,Norway,98520.5,6.6563,5.641,99.887,99.1452,no
196,CHE,Switzerland,111702.5,7.5469,9.133,99.9992,99.9923,no
197,BMU,Bermuda,143914.9,9.7232,0.064,100.0,100.0,no
