# chart,"Where people live by country income group (population by group, levels and shares)"
# source,World Bank OGHIST (1 July 2026) Country Analytical History with WDI GNI per capita (Atlas method) and population (SP.POP.TOTL) to 2025; UN World Population Prospects 2024 medium variant from 2026; author's calculations.
# method,"Classifications actual through 2025, projected from 2026. GNI per capita grows at each economy's median annual rate over the decade to 2025, floored at the 1.244 percent threshold drift so no economy is downgraded, capped at the 90th percentile of decade medians within its own 2025 income group; 15 economies without a usable growth record held at their 2025 class. All three thresholds rise 1.244 percent a year, the median annual increase in the published thresholds over the same decade."
# note,Middle income is the lower-middle and upper-middle groups combined.
# note,The three groups do not sum to world population: economies the World Bank does not classify are excluded from the groups.
# note,"Values for 1987, 2025 and 2050 are labelled on the chart."
# levels are millions of people or a count of economies; shares are percent

year,low_income_population_millions,middle_income_population_millions,high_income_population_millions,world_population_millions,low_income_share_of_world_percent,middle_income_share_of_world_percent,high_income_share_of_world_percent,labelled_year
1987,2819.4159,1035.2595,790.3853,5026.7704,56.088,20.5949,15.7235,yes
1988,2878.3002,1067.7698,796.3097,5116.8988,56.2509,20.8675,15.5624,
1989,2937.9627,1097.5137,806.4874,5207.3784,56.4192,21.0761,15.4874,
1990,3060.5979,1410.6649,818.2718,5298.962,57.7584,26.6215,15.4421,
1991,3150.1672,1403.8427,824.806,5388.2033,58.4641,26.054,15.3076,
1992,3218.3618,1418.7917,832.0809,5476.8229,58.7633,25.9054,15.1928,
1993,3117.8674,1600.1563,838.721,5564.4591,56.0318,28.7567,15.0728,
1994,3212.3239,1577.1306,855.4875,5650.5344,56.8499,27.9112,15.1399,
1995,3217.6488,1605.9527,906.837,5736.2051,56.0937,27.9968,15.809,
1996,3273.8263,1618.6478,923.967,5822.3279,56.2288,27.8007,15.8694,
1997,2090.6813,2879.0806,932.3635,5908.1803,35.3862,48.7304,15.7809,
1998,3605.6373,1489.2354,892.6044,5993.7308,60.1568,24.8466,14.8923,
1999,2486.1913,2687.5661,898.001,6078.0698,40.9043,44.2174,14.7744,
2000,2531.6182,2718.7111,904.713,6161.5285,41.0875,44.124,14.6833,
2001,2589.3058,2691.1377,958.2301,6244.7397,41.4638,43.0945,15.3446,
2002,2588.7434,2762.6603,969.4191,6327.1713,40.9147,43.6634,15.3215,
2003,2403.3472,3023.8421,975.5104,6409.3524,37.4975,47.1786,15.2201,
2004,2432.9227,3050.6476,1001.7991,6492.3546,37.4737,46.9883,15.4304,
2005,2450.2981,3108.3866,1009.384,6575.41,37.2646,47.2729,15.3509,
2006,2497.8011,3121.4949,1030.7008,6659.536,37.5071,46.8726,15.4771,
2007,1319.4251,4355.8393,1058.848,6744.0495,19.5643,64.5879,15.7005,
2008,973.8079,4775.2051,1072.4992,6830.0809,14.2576,69.9143,15.7026,
2009,842.8781,4943.5477,1120.8237,6916.1682,12.1871,71.4781,16.2058,
2010,811.8037,5055.0871,1124.4787,7000.8601,11.5958,72.2067,16.062,
2011,833.2917,5123.1897,1130.2449,7086.7041,11.7585,72.293,15.9488,
2012,859.0928,5020.2818,1297.1191,7176.4822,11.9709,69.9546,18.0746,
2013,861.5238,5098.8554,1305.0236,7265.4047,11.8579,70.1799,17.9622,
2014,628.944,5328.8822,1395.7103,7353.5322,8.553,72.467,18.9801,
2015,644.1899,5611.9303,1185.0322,7441.0848,8.6572,75.4182,15.9255,
2016,661.2457,5678.1342,1188.9194,7528.2216,8.7836,75.4246,15.7928,
2017,740.1474,5626.4645,1247.2573,7613.7887,9.7211,73.8984,16.3816,
2018,728.0297,5760.6948,1207.5202,7696.1597,9.4596,74.8515,15.6899,
2019,693.5447,5850.5119,1233.1889,7777.1625,8.9177,75.2268,15.8565,
2020,692.0503,5921.1455,1212.303,7853.8631,8.8116,75.3915,15.4358,
2021,730.5871,5926.1297,1234.6841,7919.568,9.2251,74.829,15.5903,
2022,715.8447,6002.2663,1242.4601,7988.5502,8.9609,75.1359,15.553,
2023,735.3859,5896.2036,1402.9769,8062.9234,9.1206,73.1274,17.4004,
2024,623.4994,5939.0066,1417.7273,8140.8975,7.6589,72.9527,17.4149,
2025,767.4902,6024.1948,1423.506,8215.4249,9.3421,73.3279,17.3272,yes
2026,773.2554,4541.7748,2969.2487,8284.3544,9.3339,54.8235,35.8416,
2027,594.7385,4633.3205,3124.6485,8352.6358,7.1204,55.4714,37.4091,
2028,610.143,4683.1447,3126.9591,8420.0275,7.2463,55.6191,37.1372,
2029,597.4698,4763.018,3126.4412,8486.5629,7.0402,56.1242,36.8399,
2030,612.3741,4815.0276,3125.3825,8552.273,7.1604,56.3011,36.5445,
2031,624.1723,4866.944,3126.6783,8617.1396,7.2434,56.4798,36.2844,
2032,639.1533,4911.4172,3131.3527,8681.124,7.3626,56.5758,36.0708,
2033,654.1901,4939.2446,3151.728,8744.2189,7.4814,56.4858,36.0436,
2034,669.2723,4986.2088,3152.0405,8806.4322,7.5998,56.6201,35.7925,
2035,684.387,5035.9564,3148.6284,8867.7366,7.7177,56.7896,35.5066,
2036,699.5691,5085.0895,3144.8162,8928.0942,7.8356,56.956,35.2238,
2037,714.7955,5133.5156,3140.659,8987.4432,7.9533,57.1188,34.945,
2038,730.0111,5142.8893,3174.5213,9045.7486,8.0702,56.8542,35.0941,
2039,713.6106,5177.4265,3213.7734,9102.9913,7.8393,56.8761,35.3046,
2040,728.4328,5219.4838,3213.1912,9159.1425,7.9531,56.9866,35.0818,
2041,566.3453,5441.7872,3208.1042,9214.1255,6.1465,59.0592,34.8172,
2042,576.7684,5490.6915,3202.6452,9267.8484,6.2233,59.2445,34.5565,
2043,587.1574,5538.1994,3197.341,9320.296,6.2998,59.4209,34.3051,
2044,589.3596,5525.0659,3259.5295,9371.4077,6.2889,58.9566,34.7816,
2045,599.6398,5352.5591,3471.5699,9421.0758,6.3649,56.8147,36.849,
2046,609.9399,5229.2768,3632.8537,9469.2309,6.4413,55.2239,38.3648,
2047,620.2163,5274.0687,3624.4966,9515.7955,6.5178,55.4244,38.0893,
2048,630.4639,5317.6763,3615.6913,9560.6971,6.5943,55.6202,37.8183,
2049,640.7719,5360.6516,3605.7603,9603.8999,6.672,55.8174,37.5448,
2050,651.0394,5402.8864,3594.8811,9645.3728,6.7498,56.0153,37.2705,yes
