rank,economy,iso3,status,run_start,run_end,duration_years,tag,year,years_since_entry,gni_per_capita_atlas_usd,hic_threshold_usd,income_pct_of_line,income_pct_censored_100
1,Russia,RUS,completed,2004,2012,8,fastest,2004,0,3410.0,10065.0,33.88,33.88
1,Russia,RUS,completed,2004,2012,8,fastest,2005,1,4450.0,10725.0,41.49,41.49
1,Russia,RUS,completed,2004,2012,8,fastest,2006,2,5810.0,11115.0,52.27,52.27
1,Russia,RUS,completed,2004,2012,8,fastest,2007,3,7560.0,11455.0,66.0,66.0
1,Russia,RUS,completed,2004,2012,8,fastest,2008,4,9580.0,11905.0,80.47,80.47
1,Russia,RUS,completed,2004,2012,8,fastest,2009,5,9230.0,12195.0,75.69,75.69
1,Russia,RUS,completed,2004,2012,8,fastest,2010,6,9980.0,12275.0,81.3,81.3
1,Russia,RUS,completed,2004,2012,8,fastest,2011,7,11060.0,12475.0,88.66,88.66
1,Russia,RUS,completed,2004,2012,8,fastest,2012,8,13470.0,12615.0,106.78,100.0
2,Czechia,CZE,completed,1994,2006,12,,1994,0,4200.0,8955.0,46.9,46.9
2,Czechia,CZE,completed,1994,2006,12,,1995,1,5170.0,9385.0,55.09,55.09
2,Czechia,CZE,completed,1994,2006,12,,1996,2,6010.0,9645.0,62.31,62.31
2,Czechia,CZE,completed,1994,2006,12,,1997,3,6200.0,9655.0,64.22,64.22
2,Czechia,CZE,completed,1994,2006,12,,1998,4,6140.0,9360.0,65.6,65.6
2,Czechia,CZE,completed,1994,2006,12,,1999,5,6150.0,9265.0,66.38,66.38
2,Czechia,CZE,completed,1994,2006,12,,2000,6,6380.0,9265.0,68.86,68.86
2,Czechia,CZE,completed,1994,2006,12,,2001,7,6380.0,9205.0,69.31,69.31
2,Czechia,CZE,completed,1994,2006,12,,2002,8,6680.0,9075.0,73.61,73.61
2,Czechia,CZE,completed,1994,2006,12,,2003,9,8130.0,9385.0,86.63,86.63
2,Czechia,CZE,completed,1994,2006,12,,2004,10,10280.0,10065.0,102.14,100.0
2,Czechia,CZE,completed,1994,2006,12,,2005,11,12480.0,10725.0,116.36,100.0
2,Czechia,CZE,completed,1994,2006,12,,2006,12,13990.0,11115.0,125.87,100.0
3,Poland,POL,completed,1996,2009,13,,1996,0,3880.0,9645.0,40.23,40.23
3,Poland,POL,completed,1996,2009,13,,1997,1,4270.0,9655.0,44.23,44.23
3,Poland,POL,completed,1996,2009,13,,1998,2,4390.0,9360.0,46.9,46.9
3,Poland,POL,completed,1996,2009,13,,1999,3,4460.0,9265.0,48.14,48.14
3,Poland,POL,completed,1996,2009,13,,2000,4,4690.0,9265.0,50.62,50.62
3,Poland,POL,completed,1996,2009,13,,2001,5,4720.0,9205.0,51.28,51.28
3,Poland,POL,completed,1996,2009,13,,2002,6,4890.0,9075.0,53.88,53.88
3,Poland,POL,completed,1996,2009,13,,2003,7,5510.0,9385.0,58.71,58.71
3,Poland,POL,completed,1996,2009,13,,2004,8,6290.0,10065.0,62.49,62.49
3,Poland,POL,completed,1996,2009,13,,2005,9,7340.0,10725.0,68.44,68.44
3,Poland,POL,completed,1996,2009,13,,2006,10,8450.0,11115.0,76.02,76.02
3,Poland,POL,completed,1996,2009,13,,2007,11,9940.0,11455.0,86.77,86.77
3,Poland,POL,completed,1996,2009,13,,2008,12,11980.0,11905.0,100.63,100.0
3,Poland,POL,completed,1996,2009,13,,2009,13,12520.0,12195.0,102.67,100.0
4,Romania,ROU,completed,2005,2021,16,median,2005,0,3880.0,10725.0,36.18,36.18
4,Romania,ROU,completed,2005,2021,16,median,2006,1,4900.0,11115.0,44.08,44.08
4,Romania,ROU,completed,2005,2021,16,median,2007,2,6510.0,11455.0,56.83,56.83
4,Romania,ROU,completed,2005,2021,16,median,2008,3,8800.0,11905.0,73.92,73.92
4,Romania,ROU,completed,2005,2021,16,median,2009,4,9220.0,12195.0,75.6,75.6
4,Romania,ROU,completed,2005,2021,16,median,2010,5,8770.0,12275.0,71.45,71.45
4,Romania,ROU,completed,2005,2021,16,median,2011,6,9080.0,12475.0,72.79,72.79
4,Romania,ROU,completed,2005,2021,16,median,2012,7,9260.0,12615.0,73.4,73.4
4,Romania,ROU,completed,2005,2021,16,median,2013,8,9390.0,12745.0,73.68,73.68
4,Romania,ROU,completed,2005,2021,16,median,2014,9,9760.0,12735.0,76.64,76.64
4,Romania,ROU,completed,2005,2021,16,median,2015,10,9610.0,12475.0,77.03,77.03
4,Romania,ROU,completed,2005,2021,16,median,2016,11,9460.0,12235.0,77.32,77.32
4,Romania,ROU,completed,2005,2021,16,median,2017,12,10030.0,12055.0,83.2,83.2
4,Romania,ROU,completed,2005,2021,16,median,2018,13,11490.0,12375.0,92.85,92.85
4,Romania,ROU,completed,2005,2021,16,median,2019,14,12660.0,12535.0,101.0,100.0
4,Romania,ROU,completed,2005,2021,16,median,2020,15,12720.0,12695.0,100.2,100.0
4,Romania,ROU,completed,2005,2021,16,median,2021,16,14180.0,13205.0,107.38,100.0
5,Venezuela,VEN,completed,1997,2014,17,,1997,0,3420.0,9655.0,35.42,35.42
5,Venezuela,VEN,completed,1997,2014,17,,1998,1,3380.0,9360.0,36.11,36.11
5,Venezuela,VEN,completed,1997,2014,17,,1999,2,3530.0,9265.0,38.1,38.1
5,Venezuela,VEN,completed,1997,2014,17,,2000,3,4060.0,9265.0,43.82,43.82
5,Venezuela,VEN,completed,1997,2014,17,,2001,4,4540.0,9205.0,49.32,49.32
5,Venezuela,VEN,completed,1997,2014,17,,2002,5,3940.0,9075.0,43.42,43.42
5,Venezuela,VEN,completed,1997,2014,17,,2003,6,3450.0,9385.0,36.76,36.76
5,Venezuela,VEN,completed,1997,2014,17,,2004,7,4050.0,10065.0,40.24,40.24
5,Venezuela,VEN,completed,1997,2014,17,,2005,8,4910.0,10725.0,45.78,45.78
5,Venezuela,VEN,completed,1997,2014,17,,2006,9,6040.0,11115.0,54.34,54.34
5,Venezuela,VEN,completed,1997,2014,17,,2007,10,7520.0,11455.0,65.65,65.65
5,Venezuela,VEN,completed,1997,2014,17,,2008,11,9260.0,11905.0,77.78,77.78
5,Venezuela,VEN,completed,1997,2014,17,,2009,12,10240.0,12195.0,83.97,83.97
5,Venezuela,VEN,completed,1997,2014,17,,2010,13,11650.0,12275.0,94.91,94.91
5,Venezuela,VEN,completed,1997,2014,17,,2011,14,11850.0,12475.0,94.99,94.99
5,Venezuela,VEN,completed,1997,2014,17,,2012,15,12480.0,12615.0,98.93,98.93
5,Venezuela,VEN,completed,1997,2014,17,,2013,16,10330.0,12745.0,81.05,81.05
5,Venezuela,VEN,completed,1997,2014,17,,2014,17,8380.0,12735.0,65.8,65.8
6,Chile,CHL,completed,1993,2012,19,,1993,0,3450.0,8625.0,40.0,40.0
6,Chile,CHL,completed,1993,2012,19,,1994,1,3740.0,8955.0,41.76,41.76
6,Chile,CHL,completed,1993,2012,19,,1995,2,4430.0,9385.0,47.2,47.2
6,Chile,CHL,completed,1993,2012,19,,1996,3,5070.0,9645.0,52.57,52.57
6,Chile,CHL,completed,1993,2012,19,,1997,4,5580.0,9655.0,57.79,57.79
6,Chile,CHL,completed,1993,2012,19,,1998,5,5470.0,9360.0,58.44,58.44
6,Chile,CHL,completed,1993,2012,19,,1999,6,5100.0,9265.0,55.05,55.05
6,Chile,CHL,completed,1993,2012,19,,2000,7,5030.0,9265.0,54.29,54.29
6,Chile,CHL,completed,1993,2012,19,,2001,8,4780.0,9205.0,51.93,51.93
6,Chile,CHL,completed,1993,2012,19,,2002,9,4520.0,9075.0,49.81,49.81
6,Chile,CHL,completed,1993,2012,19,,2003,10,4570.0,9385.0,48.69,48.69
6,Chile,CHL,completed,1993,2012,19,,2004,11,5200.0,10065.0,51.66,51.66
6,Chile,CHL,completed,1993,2012,19,,2005,12,6200.0,10725.0,57.81,57.81
6,Chile,CHL,completed,1993,2012,19,,2006,13,7350.0,11115.0,66.13,66.13
6,Chile,CHL,completed,1993,2012,19,,2007,14,8700.0,11455.0,75.95,75.95
6,Chile,CHL,completed,1993,2012,19,,2008,15,9950.0,11905.0,83.58,83.58
6,Chile,CHL,completed,1993,2012,19,,2009,16,9880.0,12195.0,81.02,81.02
6,Chile,CHL,completed,1993,2012,19,,2010,17,10720.0,12275.0,87.33,87.33
6,Chile,CHL,completed,1993,2012,19,,2011,18,11860.0,12475.0,95.07,95.07
6,Chile,CHL,completed,1993,2012,19,,2012,19,14170.0,12615.0,112.33,100.0
7,Argentina,ARG,completed,1991,2014,23,slowest,1991,0,3850.0,7910.0,48.67,48.67
7,Argentina,ARG,completed,1991,2014,23,slowest,1992,1,6040.0,8355.0,72.29,72.29
7,Argentina,ARG,completed,1991,2014,23,slowest,1993,2,7080.0,8625.0,82.09,82.09
7,Argentina,ARG,completed,1991,2014,23,slowest,1994,3,7570.0,8955.0,84.53,84.53
7,Argentina,ARG,completed,1991,2014,23,slowest,1995,4,7310.0,9385.0,77.89,77.89
7,Argentina,ARG,completed,1991,2014,23,slowest,1996,5,7680.0,9645.0,79.63,79.63
7,Argentina,ARG,completed,1991,2014,23,slowest,1997,6,8080.0,9655.0,83.69,83.69
7,Argentina,ARG,completed,1991,2014,23,slowest,1998,7,7960.0,9360.0,85.04,85.04
7,Argentina,ARG,completed,1991,2014,23,slowest,1999,8,7510.0,9265.0,81.06,81.06
7,Argentina,ARG,completed,1991,2014,23,slowest,2000,9,7400.0,9265.0,79.87,79.87
7,Argentina,ARG,completed,1991,2014,23,slowest,2001,10,6930.0,9205.0,75.29,75.29
7,Argentina,ARG,completed,1991,2014,23,slowest,2002,11,4010.0,9075.0,44.19,44.19
7,Argentina,ARG,completed,1991,2014,23,slowest,2003,12,3620.0,9385.0,38.57,38.57
7,Argentina,ARG,completed,1991,2014,23,slowest,2004,13,3340.0,10065.0,33.18,33.18
7,Argentina,ARG,completed,1991,2014,23,slowest,2005,14,4230.0,10725.0,39.44,39.44
7,Argentina,ARG,completed,1991,2014,23,slowest,2006,15,5440.0,11115.0,48.94,48.94
7,Argentina,ARG,completed,1991,2014,23,slowest,2007,16,6460.0,11455.0,56.39,56.39
7,Argentina,ARG,completed,1991,2014,23,slowest,2008,17,7600.0,11905.0,63.84,63.84
7,Argentina,ARG,completed,1991,2014,23,slowest,2009,18,7720.0,12195.0,63.3,63.3
7,Argentina,ARG,completed,1991,2014,23,slowest,2010,19,9160.0,12275.0,74.62,74.62
7,Argentina,ARG,completed,1991,2014,23,slowest,2011,20,10590.0,12475.0,84.89,84.89
7,Argentina,ARG,completed,1991,2014,23,slowest,2012,21,11770.0,12615.0,93.3,93.3
7,Argentina,ARG,completed,1991,2014,23,slowest,2013,22,12760.0,12745.0,100.12,100.0
7,Argentina,ARG,completed,1991,2014,23,slowest,2014,23,12240.0,12735.0,96.11,96.11
