rank,economy,iso3,status,run_start,run_end,duration_years,tag,year,years_since_entry,gni_per_capita_atlas_usd,hic_threshold_usd,income_pct_of_line,income_pct_censored_100,latest_income_pct_of_line,distance_to_median_years
1,China,CHN,ongoing,2010,2025,15,,2010,0,4410.0,12275.0,35.93,35.93,98.99,1.14
1,China,CHN,ongoing,2010,2025,15,,2011,1,5130.0,12475.0,41.12,41.12,98.99,1.14
1,China,CHN,ongoing,2010,2025,15,,2012,2,6010.0,12615.0,47.64,47.64,98.99,1.14
1,China,CHN,ongoing,2010,2025,15,,2013,3,6860.0,12745.0,53.83,53.83,98.99,1.14
1,China,CHN,ongoing,2010,2025,15,,2014,4,7600.0,12735.0,59.68,59.68,98.99,1.14
1,China,CHN,ongoing,2010,2025,15,,2015,5,8040.0,12475.0,64.45,64.45,98.99,1.14
1,China,CHN,ongoing,2010,2025,15,,2016,6,8360.0,12235.0,68.33,68.33,98.99,1.14
1,China,CHN,ongoing,2010,2025,15,,2017,7,8830.0,12055.0,73.25,73.25,98.99,1.14
1,China,CHN,ongoing,2010,2025,15,,2018,8,9720.0,12375.0,78.55,78.55,98.99,1.14
1,China,CHN,ongoing,2010,2025,15,,2019,9,10510.0,12535.0,83.85,83.85,98.99,1.14
1,China,CHN,ongoing,2010,2025,15,,2020,10,10740.0,12695.0,84.6,84.6,98.99,1.14
1,China,CHN,ongoing,2010,2025,15,,2021,11,12220.0,13205.0,92.54,92.54,98.99,1.14
1,China,CHN,ongoing,2010,2025,15,,2022,12,13170.0,13845.0,95.12,95.12,98.99,1.14
1,China,CHN,ongoing,2010,2025,15,,2023,13,13750.0,14005.0,98.18,98.18,98.99,1.14
1,China,CHN,ongoing,2010,2025,15,,2024,14,13660.0,13935.0,98.03,98.03,98.99,1.14
1,China,CHN,ongoing,2010,2025,15,,2025,15,14230.0,14375.0,98.99,98.99,98.99,1.14
2,Kazakhstan,KAZ,ongoing,2006,2025,19,,2006,0,3670.0,11115.0,33.02,33.02,95.58,5.62
2,Kazakhstan,KAZ,ongoing,2006,2025,19,,2007,1,4740.0,11455.0,41.38,41.38,95.58,5.62
2,Kazakhstan,KAZ,ongoing,2006,2025,19,,2008,2,5870.0,11905.0,49.31,49.31,95.58,5.62
2,Kazakhstan,KAZ,ongoing,2006,2025,19,,2009,3,6580.0,12195.0,53.96,53.96,95.58,5.62
2,Kazakhstan,KAZ,ongoing,2006,2025,19,,2010,4,7210.0,12275.0,58.74,58.74,95.58,5.62
2,Kazakhstan,KAZ,ongoing,2006,2025,19,,2011,5,8030.0,12475.0,64.37,64.37,95.58,5.62
2,Kazakhstan,KAZ,ongoing,2006,2025,19,,2012,6,9640.0,12615.0,76.42,76.42,95.58,5.62
2,Kazakhstan,KAZ,ongoing,2006,2025,19,,2013,7,11490.0,12745.0,90.15,90.15,95.58,5.62
2,Kazakhstan,KAZ,ongoing,2006,2025,19,,2014,8,11720.0,12735.0,92.03,92.03,95.58,5.62
2,Kazakhstan,KAZ,ongoing,2006,2025,19,,2015,9,11040.0,12475.0,88.5,88.5,95.58,5.62
2,Kazakhstan,KAZ,ongoing,2006,2025,19,,2016,10,8500.0,12235.0,69.47,69.47,95.58,5.62
2,Kazakhstan,KAZ,ongoing,2006,2025,19,,2017,11,7780.0,12055.0,64.54,64.54,95.58,5.62
2,Kazakhstan,KAZ,ongoing,2006,2025,19,,2018,12,7800.0,12375.0,63.03,63.03,95.58,5.62
2,Kazakhstan,KAZ,ongoing,2006,2025,19,,2019,13,8500.0,12535.0,67.81,67.81,95.58,5.62
2,Kazakhstan,KAZ,ongoing,2006,2025,19,,2020,14,8380.0,12695.0,66.01,66.01,95.58,5.62
2,Kazakhstan,KAZ,ongoing,2006,2025,19,,2021,15,8540.0,13205.0,64.67,64.67,95.58,5.62
2,Kazakhstan,KAZ,ongoing,2006,2025,19,,2022,16,9400.0,13845.0,67.89,67.89,95.58,5.62
2,Kazakhstan,KAZ,ongoing,2006,2025,19,,2023,17,10710.0,14005.0,76.47,76.47,95.58,5.62
2,Kazakhstan,KAZ,ongoing,2006,2025,19,,2024,18,12100.0,13935.0,86.83,86.83,95.58,5.62
2,Kazakhstan,KAZ,ongoing,2006,2025,19,,2025,19,13740.0,14375.0,95.58,95.58,95.58,5.62
3,Iraq,IRQ,ongoing,2012,2025,13,,2012,0,5980.0,12615.0,47.4,47.4,39.58,12.57
3,Iraq,IRQ,ongoing,2012,2025,13,,2013,1,6620.0,12745.0,51.94,51.94,39.58,12.57
3,Iraq,IRQ,ongoing,2012,2025,13,,2014,2,6440.0,12735.0,50.57,50.57,39.58,12.57
3,Iraq,IRQ,ongoing,2012,2025,13,,2015,3,5460.0,12475.0,43.77,43.77,39.58,12.57
3,Iraq,IRQ,ongoing,2012,2025,13,,2016,4,5060.0,12235.0,41.36,41.36,39.58,12.57
3,Iraq,IRQ,ongoing,2012,2025,13,,2017,5,4430.0,12055.0,36.75,36.75,39.58,12.57
3,Iraq,IRQ,ongoing,2012,2025,13,,2018,6,4820.0,12375.0,38.95,38.95,39.58,12.57
3,Iraq,IRQ,ongoing,2012,2025,13,,2019,7,5520.0,12535.0,44.04,44.04,39.58,12.57
3,Iraq,IRQ,ongoing,2012,2025,13,,2020,8,4720.0,12695.0,37.18,37.18,39.58,12.57
3,Iraq,IRQ,ongoing,2012,2025,13,,2021,9,4740.0,13205.0,35.9,35.9,39.58,12.57
3,Iraq,IRQ,ongoing,2012,2025,13,,2022,10,5510.0,13845.0,39.8,39.8,39.58,12.57
3,Iraq,IRQ,ongoing,2012,2025,13,,2023,11,5920.0,14005.0,42.27,42.27,39.58,12.57
3,Iraq,IRQ,ongoing,2012,2025,13,,2024,12,6030.0,13935.0,43.27,43.27,39.58,12.57
3,Iraq,IRQ,ongoing,2012,2025,13,,2025,13,5690.0,14375.0,39.58,39.58,39.58,12.57
4,Thailand,THA,ongoing,2010,2025,15,,2010,0,4490.0,12275.0,36.58,36.58,53.5,13.26
4,Thailand,THA,ongoing,2010,2025,15,,2011,1,4840.0,12475.0,38.8,38.8,53.5,13.26
4,Thailand,THA,ongoing,2010,2025,15,,2012,2,5400.0,12615.0,42.81,42.81,53.5,13.26
4,Thailand,THA,ongoing,2010,2025,15,,2013,3,5580.0,12745.0,43.78,43.78,53.5,13.26
4,Thailand,THA,ongoing,2010,2025,15,,2014,4,5620.0,12735.0,44.13,44.13,53.5,13.26
4,Thailand,THA,ongoing,2010,2025,15,,2015,5,5560.0,12475.0,44.57,44.57,53.5,13.26
4,Thailand,THA,ongoing,2010,2025,15,,2016,6,5550.0,12235.0,45.36,45.36,53.5,13.26
4,Thailand,THA,ongoing,2010,2025,15,,2017,7,5800.0,12055.0,48.11,48.11,53.5,13.26
4,Thailand,THA,ongoing,2010,2025,15,,2018,8,6430.0,12375.0,51.96,51.96,53.5,13.26
4,Thailand,THA,ongoing,2010,2025,15,,2019,9,7070.0,12535.0,56.4,56.4,53.5,13.26
4,Thailand,THA,ongoing,2010,2025,15,,2020,10,6910.0,12695.0,54.43,54.43,53.5,13.26
4,Thailand,THA,ongoing,2010,2025,15,,2021,11,7100.0,13205.0,53.77,53.77,53.5,13.26
4,Thailand,THA,ongoing,2010,2025,15,,2022,12,7220.0,13845.0,52.15,52.15,53.5,13.26
4,Thailand,THA,ongoing,2010,2025,15,,2023,13,7210.0,14005.0,51.48,51.48,53.5,13.26
4,Thailand,THA,ongoing,2010,2025,15,,2024,14,7130.0,13935.0,51.17,51.17,53.5,13.26
4,Thailand,THA,ongoing,2010,2025,15,,2025,15,7690.0,14375.0,53.5,53.5,53.5,13.26
5,Ecuador,ECU,ongoing,2010,2025,15,,2010,0,4290.0,12275.0,34.95,34.95,47.93,13.7
5,Ecuador,ECU,ongoing,2010,2025,15,,2011,1,4770.0,12475.0,38.24,38.24,47.93,13.7
5,Ecuador,ECU,ongoing,2010,2025,15,,2012,2,5320.0,12615.0,42.17,42.17,47.93,13.7
5,Ecuador,ECU,ongoing,2010,2025,15,,2013,3,5880.0,12745.0,46.14,46.14,47.93,13.7
5,Ecuador,ECU,ongoing,2010,2025,15,,2014,4,6190.0,12735.0,48.61,48.61,47.93,13.7
5,Ecuador,ECU,ongoing,2010,2025,15,,2015,5,5970.0,12475.0,47.86,47.86,47.93,13.7
5,Ecuador,ECU,ongoing,2010,2025,15,,2016,6,5750.0,12235.0,47.0,47.0,47.93,13.7
5,Ecuador,ECU,ongoing,2010,2025,15,,2017,7,5930.0,12055.0,49.19,49.19,47.93,13.7
5,Ecuador,ECU,ongoing,2010,2025,15,,2018,8,6120.0,12375.0,49.45,49.45,47.93,13.7
5,Ecuador,ECU,ongoing,2010,2025,15,,2019,9,6100.0,12535.0,48.66,48.66,47.93,13.7
5,Ecuador,ECU,ongoing,2010,2025,15,,2020,10,5410.0,12695.0,42.62,42.62,47.93,13.7
5,Ecuador,ECU,ongoing,2010,2025,15,,2021,11,6100.0,13205.0,46.19,46.19,47.93,13.7
5,Ecuador,ECU,ongoing,2010,2025,15,,2022,12,6550.0,13845.0,47.31,47.31,47.93,13.7
5,Ecuador,ECU,ongoing,2010,2025,15,,2023,13,6570.0,14005.0,46.91,46.91,47.93,13.7
5,Ecuador,ECU,ongoing,2010,2025,15,,2024,14,6400.0,13935.0,45.93,45.93,47.93,13.7
5,Ecuador,ECU,ongoing,2010,2025,15,,2025,15,6890.0,14375.0,47.93,47.93,47.93,13.7
6,Angola,AGO,ongoing,2011,2025,14,,2011,0,3960.0,12475.0,31.74,31.74,19.9,14.0
6,Angola,AGO,ongoing,2011,2025,14,,2012,1,4750.0,12615.0,37.65,37.65,19.9,14.0
6,Angola,AGO,ongoing,2011,2025,14,,2013,2,5330.0,12745.0,41.82,41.82,19.9,14.0
6,Angola,AGO,ongoing,2011,2025,14,,2014,3,5430.0,12735.0,42.64,42.64,19.9,14.0
6,Angola,AGO,ongoing,2011,2025,14,,2015,4,4450.0,12475.0,35.67,35.67,19.9,14.0
6,Angola,AGO,ongoing,2011,2025,14,,2016,5,2960.0,12235.0,24.19,24.19,19.9,14.0
6,Angola,AGO,ongoing,2011,2025,14,,2017,6,2440.0,12055.0,20.24,20.24,19.9,14.0
6,Angola,AGO,ongoing,2011,2025,14,,2018,7,2300.0,12375.0,18.59,18.59,19.9,14.0
6,Angola,AGO,ongoing,2011,2025,14,,2019,8,2460.0,12535.0,19.63,19.63,19.9,14.0
6,Angola,AGO,ongoing,2011,2025,14,,2020,9,2000.0,12695.0,15.75,15.75,19.9,14.0
6,Angola,AGO,ongoing,2011,2025,14,,2021,10,1960.0,13205.0,14.84,14.84,19.9,14.0
6,Angola,AGO,ongoing,2011,2025,14,,2022,11,2290.0,13845.0,16.54,16.54,19.9,14.0
6,Angola,AGO,ongoing,2011,2025,14,,2023,12,2650.0,14005.0,18.92,18.92,19.9,14.0
6,Angola,AGO,ongoing,2011,2025,14,,2024,13,2850.0,13935.0,20.45,20.45,19.9,14.0
6,Angola,AGO,ongoing,2011,2025,14,,2025,14,2860.0,14375.0,19.9,19.9,19.9,14.0
7,Türkiye,TUR,ongoing,1997,2025,28,,1997,0,4250.0,9655.0,44.02,44.02,100.0,14.0
7,Türkiye,TUR,ongoing,1997,2025,28,,1998,1,4150.0,9360.0,44.34,44.34,100.0,14.0
7,Türkiye,TUR,ongoing,1997,2025,28,,1999,2,3930.0,9265.0,42.42,42.42,100.0,14.0
7,Türkiye,TUR,ongoing,1997,2025,28,,2000,3,4180.0,9265.0,45.12,45.12,100.0,14.0
7,Türkiye,TUR,ongoing,1997,2025,28,,2001,4,3480.0,9205.0,37.81,37.81,100.0,14.0
7,Türkiye,TUR,ongoing,1997,2025,28,,2002,5,3500.0,9075.0,38.57,38.57,100.0,14.0
7,Türkiye,TUR,ongoing,1997,2025,28,,2003,6,3860.0,9385.0,41.13,41.13,100.0,14.0
7,Türkiye,TUR,ongoing,1997,2025,28,,2004,7,5170.0,10065.0,51.37,51.37,100.0,14.0
7,Türkiye,TUR,ongoing,1997,2025,28,,2005,8,6710.0,10725.0,62.56,62.56,100.0,14.0
7,Türkiye,TUR,ongoing,1997,2025,28,,2006,9,7780.0,11115.0,70.0,70.0,100.0,14.0
7,Türkiye,TUR,ongoing,1997,2025,28,,2007,10,8930.0,11455.0,77.96,77.96,100.0,14.0
7,Türkiye,TUR,ongoing,1997,2025,28,,2008,11,9830.0,11905.0,82.57,82.57,100.0,14.0
7,Türkiye,TUR,ongoing,1997,2025,28,,2009,12,9610.0,12195.0,78.8,78.8,100.0,14.0
7,Türkiye,TUR,ongoing,1997,2025,28,,2010,13,10460.0,12275.0,85.21,85.21,100.0,14.0
7,Türkiye,TUR,ongoing,1997,2025,28,,2011,14,11260.0,12475.0,90.26,90.26,100.0,14.0
7,Türkiye,TUR,ongoing,1997,2025,28,,2012,15,11950.0,12615.0,94.73,94.73,100.0,14.0
7,Türkiye,TUR,ongoing,1997,2025,28,,2013,16,12640.0,12745.0,99.18,99.18,100.0,14.0
7,Türkiye,TUR,ongoing,1997,2025,28,,2014,17,12670.0,12735.0,99.49,99.49,100.0,14.0
7,Türkiye,TUR,ongoing,1997,2025,28,,2015,18,12080.0,12475.0,96.83,96.83,100.0,14.0
7,Türkiye,TUR,ongoing,1997,2025,28,,2016,19,11350.0,12235.0,92.77,92.77,100.0,14.0
7,Türkiye,TUR,ongoing,1997,2025,28,,2017,20,11140.0,12055.0,92.41,92.41,100.0,14.0
7,Türkiye,TUR,ongoing,1997,2025,28,,2018,21,10760.0,12375.0,86.95,86.95,100.0,14.0
7,Türkiye,TUR,ongoing,1997,2025,28,,2019,22,9970.0,12535.0,79.54,79.54,100.0,14.0
7,Türkiye,TUR,ongoing,1997,2025,28,,2020,23,9330.0,12695.0,73.49,73.49,100.0,14.0
7,Türkiye,TUR,ongoing,1997,2025,28,,2021,24,10230.0,13205.0,77.47,77.47,100.0,14.0
7,Türkiye,TUR,ongoing,1997,2025,28,,2022,25,10870.0,13845.0,78.51,78.51,100.0,14.0
7,Türkiye,TUR,ongoing,1997,2025,28,,2023,26,11980.0,14005.0,85.54,85.54,100.0,14.0
7,Türkiye,TUR,ongoing,1997,2025,28,,2024,27,13430.0,13935.0,96.38,96.38,100.0,14.0
7,Türkiye,TUR,ongoing,1997,2025,28,,2025,28,16300.0,14375.0,113.39,100.0,100.0,14.0
8,Dom. Rep.,DOM,ongoing,2008,2025,17,,2008,0,4700.0,11905.0,39.48,39.48,73.88,14.0
8,Dom. Rep.,DOM,ongoing,2008,2025,17,,2009,1,4860.0,12195.0,39.85,39.85,73.88,14.0
8,Dom. Rep.,DOM,ongoing,2008,2025,17,,2010,2,5260.0,12275.0,42.85,42.85,73.88,14.0
8,Dom. Rep.,DOM,ongoing,2008,2025,17,,2011,3,5460.0,12475.0,43.77,43.77,73.88,14.0
8,Dom. Rep.,DOM,ongoing,2008,2025,17,,2012,4,5700.0,12615.0,45.18,45.18,73.88,14.0
8,Dom. Rep.,DOM,ongoing,2008,2025,17,,2013,5,5940.0,12745.0,46.61,46.61,73.88,14.0
8,Dom. Rep.,DOM,ongoing,2008,2025,17,,2014,6,6230.0,12735.0,48.92,48.92,73.88,14.0
8,Dom. Rep.,DOM,ongoing,2008,2025,17,,2015,7,6470.0,12475.0,51.86,51.86,73.88,14.0
8,Dom. Rep.,DOM,ongoing,2008,2025,17,,2016,8,6750.0,12235.0,55.17,55.17,73.88,14.0
8,Dom. Rep.,DOM,ongoing,2008,2025,17,,2017,9,6920.0,12055.0,57.4,57.4,73.88,14.0
8,Dom. Rep.,DOM,ongoing,2008,2025,17,,2018,10,7600.0,12375.0,61.41,61.41,73.88,14.0
8,Dom. Rep.,DOM,ongoing,2008,2025,17,,2019,11,7940.0,12535.0,63.34,63.34,73.88,14.0
8,Dom. Rep.,DOM,ongoing,2008,2025,17,,2020,12,7080.0,12695.0,55.77,55.77,73.88,14.0
8,Dom. Rep.,DOM,ongoing,2008,2025,17,,2021,13,8160.0,13205.0,61.79,61.79,73.88,14.0
8,Dom. Rep.,DOM,ongoing,2008,2025,17,,2022,14,9150.0,13845.0,66.09,66.09,73.88,14.0
8,Dom. Rep.,DOM,ongoing,2008,2025,17,,2023,15,9700.0,14005.0,69.26,69.26,73.88,14.0
8,Dom. Rep.,DOM,ongoing,2008,2025,17,,2024,16,10310.0,13935.0,73.99,73.99,73.88,14.0
8,Dom. Rep.,DOM,ongoing,2008,2025,17,,2025,17,10620.0,14375.0,73.88,73.88,73.88,14.0
9,Azerbaijan,AZE,ongoing,2009,2025,16,,2009,0,4820.0,12195.0,39.52,39.52,51.2,14.44
9,Azerbaijan,AZE,ongoing,2009,2025,16,,2010,1,5400.0,12275.0,43.99,43.99,51.2,14.44
9,Azerbaijan,AZE,ongoing,2009,2025,16,,2011,2,5490.0,12475.0,44.01,44.01,51.2,14.44
9,Azerbaijan,AZE,ongoing,2009,2025,16,,2012,3,6440.0,12615.0,51.05,51.05,51.2,14.44
9,Azerbaijan,AZE,ongoing,2009,2025,16,,2013,4,7450.0,12745.0,58.45,58.45,51.2,14.44
9,Azerbaijan,AZE,ongoing,2009,2025,16,,2014,5,7740.0,12735.0,60.78,60.78,51.2,14.44
9,Azerbaijan,AZE,ongoing,2009,2025,16,,2015,6,6610.0,12475.0,52.99,52.99,51.2,14.44
9,Azerbaijan,AZE,ongoing,2009,2025,16,,2016,7,4790.0,12235.0,39.15,39.15,51.2,14.44
9,Azerbaijan,AZE,ongoing,2009,2025,16,,2017,8,4110.0,12055.0,34.09,34.09,51.2,14.44
9,Azerbaijan,AZE,ongoing,2009,2025,16,,2018,9,4080.0,12375.0,32.97,32.97,51.2,14.44
9,Azerbaijan,AZE,ongoing,2009,2025,16,,2019,10,4510.0,12535.0,35.98,35.98,51.2,14.44
9,Azerbaijan,AZE,ongoing,2009,2025,16,,2020,11,4480.0,12695.0,35.29,35.29,51.2,14.44
9,Azerbaijan,AZE,ongoing,2009,2025,16,,2021,12,4910.0,13205.0,37.18,37.18,51.2,14.44
9,Azerbaijan,AZE,ongoing,2009,2025,16,,2022,13,5670.0,13845.0,40.95,40.95,51.2,14.44
9,Azerbaijan,AZE,ongoing,2009,2025,16,,2023,14,6680.0,14005.0,47.7,47.7,51.2,14.44
9,Azerbaijan,AZE,ongoing,2009,2025,16,,2024,15,7340.0,13935.0,52.67,52.67,51.2,14.44
9,Azerbaijan,AZE,ongoing,2009,2025,16,,2025,16,7360.0,14375.0,51.2,51.2,51.2,14.44
10,Peru,PER,ongoing,2008,2025,17,,2008,0,3770.0,11905.0,31.67,31.67,58.64,14.89
10,Peru,PER,ongoing,2008,2025,17,,2009,1,3950.0,12195.0,32.39,32.39,58.64,14.89
10,Peru,PER,ongoing,2008,2025,17,,2010,2,4400.0,12275.0,35.85,35.85,58.64,14.89
10,Peru,PER,ongoing,2008,2025,17,,2011,3,4960.0,12475.0,39.76,39.76,58.64,14.89
10,Peru,PER,ongoing,2008,2025,17,,2012,4,5780.0,12615.0,45.82,45.82,58.64,14.89
10,Peru,PER,ongoing,2008,2025,17,,2013,5,6410.0,12745.0,50.29,50.29,58.64,14.89
10,Peru,PER,ongoing,2008,2025,17,,2014,6,6520.0,12735.0,51.2,51.2,58.64,14.89
10,Peru,PER,ongoing,2008,2025,17,,2015,7,6340.0,12475.0,50.82,50.82,58.64,14.89
10,Peru,PER,ongoing,2008,2025,17,,2016,8,6130.0,12235.0,50.1,50.1,58.64,14.89
10,Peru,PER,ongoing,2008,2025,17,,2017,9,6090.0,12055.0,50.52,50.52,58.64,14.89
10,Peru,PER,ongoing,2008,2025,17,,2018,10,6500.0,12375.0,52.53,52.53,58.64,14.89
10,Peru,PER,ongoing,2008,2025,17,,2019,11,6850.0,12535.0,54.65,54.65,58.64,14.89
10,Peru,PER,ongoing,2008,2025,17,,2020,12,6080.0,12695.0,47.89,47.89,58.64,14.89
10,Peru,PER,ongoing,2008,2025,17,,2021,13,6550.0,13205.0,49.6,49.6,58.64,14.89
10,Peru,PER,ongoing,2008,2025,17,,2022,14,6930.0,13845.0,50.05,50.05,58.64,14.89
10,Peru,PER,ongoing,2008,2025,17,,2023,15,7100.0,14005.0,50.7,50.7,58.64,14.89
10,Peru,PER,ongoing,2008,2025,17,,2024,16,7530.0,13935.0,54.04,54.04,58.64,14.89
10,Peru,PER,ongoing,2008,2025,17,,2025,17,8430.0,14375.0,58.64,58.64,58.64,14.89
11,Jordan,JOR,ongoing,2010,2025,15,,2010,0,3950.0,12275.0,32.18,32.18,36.59,14.95
11,Jordan,JOR,ongoing,2010,2025,15,,2011,1,4140.0,12475.0,33.19,33.19,36.59,14.95
11,Jordan,JOR,ongoing,2010,2025,15,,2012,2,4400.0,12615.0,34.88,34.88,36.59,14.95
11,Jordan,JOR,ongoing,2010,2025,15,,2013,3,4510.0,12745.0,35.39,35.39,36.59,14.95
11,Jordan,JOR,ongoing,2010,2025,15,,2014,4,4380.0,12735.0,34.39,34.39,36.59,14.95
11,Jordan,JOR,ongoing,2010,2025,15,,2015,5,4220.0,12475.0,33.83,33.83,36.59,14.95
11,Jordan,JOR,ongoing,2010,2025,15,,2016,6,4200.0,12235.0,34.33,34.33,36.59,14.95
11,Jordan,JOR,ongoing,2010,2025,15,,2017,7,4300.0,12055.0,35.67,35.67,36.59,14.95
11,Jordan,JOR,ongoing,2010,2025,15,,2018,8,4480.0,12375.0,36.2,36.2,36.59,14.95
11,Jordan,JOR,ongoing,2010,2025,15,,2019,9,4580.0,12535.0,36.54,36.54,36.59,14.95
11,Jordan,JOR,ongoing,2010,2025,15,,2020,10,4460.0,12695.0,35.13,35.13,36.59,14.95
11,Jordan,JOR,ongoing,2010,2025,15,,2021,11,4650.0,13205.0,35.21,35.21,36.59,14.95
11,Jordan,JOR,ongoing,2010,2025,15,,2022,12,4810.0,13845.0,34.74,34.74,36.59,14.95
11,Jordan,JOR,ongoing,2010,2025,15,,2023,13,4890.0,14005.0,34.92,34.92,36.59,14.95
11,Jordan,JOR,ongoing,2010,2025,15,,2024,14,4880.0,13935.0,35.02,35.02,36.59,14.95
11,Jordan,JOR,ongoing,2010,2025,15,,2025,15,5260.0,14375.0,36.59,36.59,36.59,14.95
12,Tunisia,TUN,ongoing,2010,2025,15,,2010,0,4140.0,12275.0,33.73,33.73,29.91,15.0
12,Tunisia,TUN,ongoing,2010,2025,15,,2011,1,4060.0,12475.0,32.55,32.55,29.91,15.0
12,Tunisia,TUN,ongoing,2010,2025,15,,2012,2,4250.0,12615.0,33.69,33.69,29.91,15.0
12,Tunisia,TUN,ongoing,2010,2025,15,,2013,3,4300.0,12745.0,33.74,33.74,29.91,15.0
12,Tunisia,TUN,ongoing,2010,2025,15,,2014,4,4310.0,12735.0,33.84,33.84,29.91,15.0
12,Tunisia,TUN,ongoing,2010,2025,15,,2015,5,4130.0,12475.0,33.11,33.11,29.91,15.0
12,Tunisia,TUN,ongoing,2010,2025,15,,2016,6,3930.0,12235.0,32.12,32.12,29.91,15.0
12,Tunisia,TUN,ongoing,2010,2025,15,,2017,7,3700.0,12055.0,30.69,30.69,29.91,15.0
12,Tunisia,TUN,ongoing,2010,2025,15,,2018,8,3700.0,12375.0,29.9,29.9,29.91,15.0
12,Tunisia,TUN,ongoing,2010,2025,15,,2019,9,3590.0,12535.0,28.64,28.64,29.91,15.0
12,Tunisia,TUN,ongoing,2010,2025,15,,2020,10,3270.0,12695.0,25.76,25.76,29.91,15.0
12,Tunisia,TUN,ongoing,2010,2025,15,,2021,11,3640.0,13205.0,27.57,27.57,29.91,15.0
12,Tunisia,TUN,ongoing,2010,2025,15,,2022,12,3890.0,13845.0,28.1,28.1,29.91,15.0
12,Tunisia,TUN,ongoing,2010,2025,15,,2023,13,3850.0,14005.0,27.49,27.49,29.91,15.0
12,Tunisia,TUN,ongoing,2010,2025,15,,2024,14,3880.0,13935.0,27.84,27.84,29.91,15.0
12,Tunisia,TUN,ongoing,2010,2025,15,,2025,15,4300.0,14375.0,29.91,29.91,29.91,15.0
13,Colombia,COL,ongoing,2008,2025,17,,2008,0,4770.0,11905.0,40.07,40.07,54.96,15.15
13,Colombia,COL,ongoing,2008,2025,17,,2009,1,5200.0,12195.0,42.64,42.64,54.96,15.15
13,Colombia,COL,ongoing,2008,2025,17,,2010,2,5690.0,12275.0,46.35,46.35,54.96,15.15
13,Colombia,COL,ongoing,2008,2025,17,,2011,3,6370.0,12475.0,51.06,51.06,54.96,15.15
13,Colombia,COL,ongoing,2008,2025,17,,2012,4,7340.0,12615.0,58.18,58.18,54.96,15.15
13,Colombia,COL,ongoing,2008,2025,17,,2013,5,8010.0,12745.0,62.85,62.85,54.96,15.15
13,Colombia,COL,ongoing,2008,2025,17,,2014,6,8280.0,12735.0,65.02,65.02,54.96,15.15
13,Colombia,COL,ongoing,2008,2025,17,,2015,7,7420.0,12475.0,59.48,59.48,54.96,15.15
13,Colombia,COL,ongoing,2008,2025,17,,2016,8,6560.0,12235.0,53.62,53.62,54.96,15.15
13,Colombia,COL,ongoing,2008,2025,17,,2017,9,6030.0,12055.0,50.02,50.02,54.96,15.15
13,Colombia,COL,ongoing,2008,2025,17,,2018,10,6350.0,12375.0,51.31,51.31,54.96,15.15
13,Colombia,COL,ongoing,2008,2025,17,,2019,11,6630.0,12535.0,52.89,52.89,54.96,15.15
13,Colombia,COL,ongoing,2008,2025,17,,2020,12,5850.0,12695.0,46.08,46.08,54.96,15.15
13,Colombia,COL,ongoing,2008,2025,17,,2021,13,6310.0,13205.0,47.78,47.78,54.96,15.15
13,Colombia,COL,ongoing,2008,2025,17,,2022,14,6560.0,13845.0,47.38,47.38,54.96,15.15
13,Colombia,COL,ongoing,2008,2025,17,,2023,15,6760.0,14005.0,48.27,48.27,54.96,15.15
13,Colombia,COL,ongoing,2008,2025,17,,2024,16,7090.0,13935.0,50.88,50.88,54.96,15.15
13,Colombia,COL,ongoing,2008,2025,17,,2025,17,7900.0,14375.0,54.96,54.96,54.96,15.15
14,Iran,IRN,ongoing,2009,2025,16,,2009,0,5260.0,12195.0,43.13,43.13,32.35,16.0
14,Iran,IRN,ongoing,2009,2025,16,,2010,1,5910.0,12275.0,48.15,48.15,32.35,16.0
14,Iran,IRN,ongoing,2009,2025,16,,2011,2,6680.0,12475.0,53.55,53.55,32.35,16.0
14,Iran,IRN,ongoing,2009,2025,16,,2012,3,7310.0,12615.0,57.95,57.95,32.35,16.0
14,Iran,IRN,ongoing,2009,2025,16,,2013,4,7220.0,12745.0,56.65,56.65,32.35,16.0
14,Iran,IRN,ongoing,2009,2025,16,,2014,5,6660.0,12735.0,52.3,52.3,32.35,16.0
14,Iran,IRN,ongoing,2009,2025,16,,2015,6,5460.0,12475.0,43.77,43.77,32.35,16.0
14,Iran,IRN,ongoing,2009,2025,16,,2016,7,5530.0,12235.0,45.2,45.2,32.35,16.0
14,Iran,IRN,ongoing,2009,2025,16,,2017,8,5640.0,12055.0,46.79,46.79,32.35,16.0
14,Iran,IRN,ongoing,2009,2025,16,,2018,9,5390.0,12375.0,43.56,43.56,32.35,16.0
14,Iran,IRN,ongoing,2009,2025,16,,2019,10,4710.0,12535.0,37.57,37.57,32.35,16.0
14,Iran,IRN,ongoing,2009,2025,16,,2020,11,3980.0,12695.0,31.35,31.35,32.35,16.0
14,Iran,IRN,ongoing,2009,2025,16,,2021,12,4110.0,13205.0,31.12,31.12,32.35,16.0
14,Iran,IRN,ongoing,2009,2025,16,,2022,13,4390.0,13845.0,31.71,31.71,32.35,16.0
14,Iran,IRN,ongoing,2009,2025,16,,2023,14,5070.0,14005.0,36.2,36.2,32.35,16.0
14,Iran,IRN,ongoing,2009,2025,16,,2024,15,5130.0,13935.0,36.81,36.81,32.35,16.0
14,Iran,IRN,ongoing,2009,2025,16,,2025,16,4650.0,14375.0,32.35,32.35,32.35,16.0
15,Algeria,DZA,ongoing,2008,2025,17,,2008,0,4430.0,11905.0,37.21,37.21,40.7,16.43
15,Algeria,DZA,ongoing,2008,2025,17,,2009,1,4570.0,12195.0,37.47,37.47,40.7,16.43
15,Algeria,DZA,ongoing,2008,2025,17,,2010,2,4870.0,12275.0,39.67,39.67,40.7,16.43
15,Algeria,DZA,ongoing,2008,2025,17,,2011,3,5050.0,12475.0,40.48,40.48,40.7,16.43
15,Algeria,DZA,ongoing,2008,2025,17,,2012,4,5630.0,12615.0,44.63,44.63,40.7,16.43
15,Algeria,DZA,ongoing,2008,2025,17,,2013,5,5970.0,12745.0,46.84,46.84,40.7,16.43
15,Algeria,DZA,ongoing,2008,2025,17,,2014,6,6030.0,12735.0,47.35,47.35,40.7,16.43
15,Algeria,DZA,ongoing,2008,2025,17,,2015,7,5390.0,12475.0,43.21,43.21,40.7,16.43
15,Algeria,DZA,ongoing,2008,2025,17,,2016,8,4920.0,12235.0,40.21,40.21,40.7,16.43
15,Algeria,DZA,ongoing,2008,2025,17,,2017,9,4440.0,12055.0,36.83,36.83,40.7,16.43
15,Algeria,DZA,ongoing,2008,2025,17,,2018,10,4450.0,12375.0,35.96,35.96,40.7,16.43
15,Algeria,DZA,ongoing,2008,2025,17,,2019,11,4480.0,12535.0,35.74,35.74,40.7,16.43
15,Algeria,DZA,ongoing,2008,2025,17,,2020,12,4020.0,12695.0,31.67,31.67,40.7,16.43
15,Algeria,DZA,ongoing,2008,2025,17,,2021,13,4120.0,13205.0,31.2,31.2,40.7,16.43
15,Algeria,DZA,ongoing,2008,2025,17,,2022,14,4430.0,13845.0,32.0,32.0,40.7,16.43
15,Algeria,DZA,ongoing,2008,2025,17,,2023,15,4950.0,14005.0,35.34,35.34,40.7,16.43
15,Algeria,DZA,ongoing,2008,2025,17,,2024,16,5370.0,13935.0,38.54,38.54,40.7,16.43
15,Algeria,DZA,ongoing,2008,2025,17,,2025,17,5850.0,14375.0,40.7,40.7,40.7,16.43
16,Malaysia,MYS,ongoing,1992,2025,33,,1992,0,2900.0,8355.0,34.71,34.71,86.12,20.7
16,Malaysia,MYS,ongoing,1992,2025,33,,1993,1,3260.0,8625.0,37.8,37.8,86.12,20.7
16,Malaysia,MYS,ongoing,1992,2025,33,,1994,2,3630.0,8955.0,40.54,40.54,86.12,20.7
16,Malaysia,MYS,ongoing,1992,2025,33,,1995,3,4080.0,9385.0,43.47,43.47,86.12,20.7
16,Malaysia,MYS,ongoing,1992,2025,33,,1996,4,4540.0,9645.0,47.07,47.07,86.12,20.7
16,Malaysia,MYS,ongoing,1992,2025,33,,1997,5,4660.0,9655.0,48.27,48.27,86.12,20.7
16,Malaysia,MYS,ongoing,1992,2025,33,,1998,6,3670.0,9360.0,39.21,39.21,86.12,20.7
16,Malaysia,MYS,ongoing,1992,2025,33,,1999,7,3420.0,9265.0,36.91,36.91,86.12,20.7
16,Malaysia,MYS,ongoing,1992,2025,33,,2000,8,3490.0,9265.0,37.67,37.67,86.12,20.7
16,Malaysia,MYS,ongoing,1992,2025,33,,2001,9,3570.0,9205.0,38.78,38.78,86.12,20.7
16,Malaysia,MYS,ongoing,1992,2025,33,,2002,10,3810.0,9075.0,41.98,41.98,86.12,20.7
16,Malaysia,MYS,ongoing,1992,2025,33,,2003,11,4170.0,9385.0,44.43,44.43,86.12,20.7
16,Malaysia,MYS,ongoing,1992,2025,33,,2004,12,4720.0,10065.0,46.9,46.9,86.12,20.7
16,Malaysia,MYS,ongoing,1992,2025,33,,2005,13,5240.0,10725.0,48.86,48.86,86.12,20.7
16,Malaysia,MYS,ongoing,1992,2025,33,,2006,14,5790.0,11115.0,52.09,52.09,86.12,20.7
16,Malaysia,MYS,ongoing,1992,2025,33,,2007,15,6560.0,11455.0,57.27,57.27,86.12,20.7
16,Malaysia,MYS,ongoing,1992,2025,33,,2008,16,7420.0,11905.0,62.33,62.33,86.12,20.7
16,Malaysia,MYS,ongoing,1992,2025,33,,2009,17,7500.0,12195.0,61.5,61.5,86.12,20.7
16,Malaysia,MYS,ongoing,1992,2025,33,,2010,18,8130.0,12275.0,66.23,66.23,86.12,20.7
16,Malaysia,MYS,ongoing,1992,2025,33,,2011,19,8890.0,12475.0,71.26,71.26,86.12,20.7
16,Malaysia,MYS,ongoing,1992,2025,33,,2012,20,9980.0,12615.0,79.11,79.11,86.12,20.7
16,Malaysia,MYS,ongoing,1992,2025,33,,2013,21,10590.0,12745.0,83.09,83.09,86.12,20.7
16,Malaysia,MYS,ongoing,1992,2025,33,,2014,22,10840.0,12735.0,85.12,85.12,86.12,20.7
16,Malaysia,MYS,ongoing,1992,2025,33,,2015,23,10350.0,12475.0,82.97,82.97,86.12,20.7
16,Malaysia,MYS,ongoing,1992,2025,33,,2016,24,9800.0,12235.0,80.1,80.1,86.12,20.7
16,Malaysia,MYS,ongoing,1992,2025,33,,2017,25,9560.0,12055.0,79.3,79.3,86.12,20.7
16,Malaysia,MYS,ongoing,1992,2025,33,,2018,26,10200.0,12375.0,82.42,82.42,86.12,20.7
16,Malaysia,MYS,ongoing,1992,2025,33,,2019,27,10750.0,12535.0,85.76,85.76,86.12,20.7
16,Malaysia,MYS,ongoing,1992,2025,33,,2020,28,10110.0,12695.0,79.64,79.64,86.12,20.7
16,Malaysia,MYS,ongoing,1992,2025,33,,2021,29,10520.0,13205.0,79.67,79.67,86.12,20.7
16,Malaysia,MYS,ongoing,1992,2025,33,,2022,30,11620.0,13845.0,83.93,83.93,86.12,20.7
16,Malaysia,MYS,ongoing,1992,2025,33,,2023,31,11700.0,14005.0,83.54,83.54,86.12,20.7
16,Malaysia,MYS,ongoing,1992,2025,33,,2024,32,11650.0,13935.0,83.6,83.6,86.12,20.7
16,Malaysia,MYS,ongoing,1992,2025,33,,2025,33,12380.0,14375.0,86.12,86.12,86.12,20.7
17,Mexico,MEX,ongoing,1990,2025,35,,1990,0,2820.0,7620.0,37.01,37.01,95.51,21.63
17,Mexico,MEX,ongoing,1990,2025,35,,1991,1,3280.0,7910.0,41.47,41.47,95.51,21.63
17,Mexico,MEX,ongoing,1990,2025,35,,1992,2,3810.0,8355.0,45.6,45.6,95.51,21.63
17,Mexico,MEX,ongoing,1990,2025,35,,1993,3,4640.0,8625.0,53.8,53.8,95.51,21.63
17,Mexico,MEX,ongoing,1990,2025,35,,1994,4,5540.0,8955.0,61.86,61.86,95.51,21.63
17,Mexico,MEX,ongoing,1990,2025,35,,1995,5,5110.0,9385.0,54.45,54.45,95.51,21.63
17,Mexico,MEX,ongoing,1990,2025,35,,1996,6,4900.0,9645.0,50.8,50.8,95.51,21.63
17,Mexico,MEX,ongoing,1990,2025,35,,1997,7,4930.0,9655.0,51.06,51.06,95.51,21.63
17,Mexico,MEX,ongoing,1990,2025,35,,1998,8,5340.0,9360.0,57.05,57.05,95.51,21.63
17,Mexico,MEX,ongoing,1990,2025,35,,1999,9,5850.0,9265.0,63.14,63.14,95.51,21.63
17,Mexico,MEX,ongoing,1990,2025,35,,2000,10,6570.0,9265.0,70.91,70.91,95.51,21.63
17,Mexico,MEX,ongoing,1990,2025,35,,2001,11,7100.0,9205.0,77.13,77.13,95.51,21.63
17,Mexico,MEX,ongoing,1990,2025,35,,2002,12,7490.0,9075.0,82.53,82.53,95.51,21.63
17,Mexico,MEX,ongoing,1990,2025,35,,2003,13,7780.0,9385.0,82.9,82.9,95.51,21.63
17,Mexico,MEX,ongoing,1990,2025,35,,2004,14,8240.0,10065.0,81.87,81.87,95.51,21.63
17,Mexico,MEX,ongoing,1990,2025,35,,2005,15,8490.0,10725.0,79.16,79.16,95.51,21.63
17,Mexico,MEX,ongoing,1990,2025,35,,2006,16,9140.0,11115.0,82.23,82.23,95.51,21.63
17,Mexico,MEX,ongoing,1990,2025,35,,2007,17,9720.0,11455.0,84.85,84.85,95.51,21.63
17,Mexico,MEX,ongoing,1990,2025,35,,2008,18,10260.0,11905.0,86.18,86.18,95.51,21.63
17,Mexico,MEX,ongoing,1990,2025,35,,2009,19,9230.0,12195.0,75.69,75.69,95.51,21.63
17,Mexico,MEX,ongoing,1990,2025,35,,2010,20,9470.0,12275.0,77.15,77.15,95.51,21.63
17,Mexico,MEX,ongoing,1990,2025,35,,2011,21,9760.0,12475.0,78.24,78.24,95.51,21.63
17,Mexico,MEX,ongoing,1990,2025,35,,2012,22,10500.0,12615.0,83.23,83.23,95.51,21.63
17,Mexico,MEX,ongoing,1990,2025,35,,2013,23,10710.0,12745.0,84.03,84.03,95.51,21.63
17,Mexico,MEX,ongoing,1990,2025,35,,2014,24,10950.0,12735.0,85.98,85.98,95.51,21.63
17,Mexico,MEX,ongoing,1990,2025,35,,2015,25,10580.0,12475.0,84.81,84.81,95.51,21.63
17,Mexico,MEX,ongoing,1990,2025,35,,2016,26,9740.0,12235.0,79.61,79.61,95.51,21.63
17,Mexico,MEX,ongoing,1990,2025,35,,2017,27,9270.0,12055.0,76.9,76.9,95.51,21.63
17,Mexico,MEX,ongoing,1990,2025,35,,2018,28,9560.0,12375.0,77.25,77.25,95.51,21.63
17,Mexico,MEX,ongoing,1990,2025,35,,2019,29,9860.0,12535.0,78.66,78.66,95.51,21.63
17,Mexico,MEX,ongoing,1990,2025,35,,2020,30,8920.0,12695.0,70.26,70.26,95.51,21.63
17,Mexico,MEX,ongoing,1990,2025,35,,2021,31,9880.0,13205.0,74.82,74.82,95.51,21.63
17,Mexico,MEX,ongoing,1990,2025,35,,2022,32,10730.0,13845.0,77.5,77.5,95.51,21.63
17,Mexico,MEX,ongoing,1990,2025,35,,2023,33,11990.0,14005.0,85.61,85.61,95.51,21.63
17,Mexico,MEX,ongoing,1990,2025,35,,2024,34,12760.0,13935.0,91.57,91.57,95.51,21.63
17,Mexico,MEX,ongoing,1990,2025,35,,2025,35,13730.0,14375.0,95.51,95.51,95.51,21.63
18,Brazil,BRA,ongoing,1989,2025,36,,1989,0,2630.0,6000.0,43.83,43.83,73.39,33.03
18,Brazil,BRA,ongoing,1989,2025,36,,1990,1,2470.0,7620.0,32.41,32.41,73.39,33.03
18,Brazil,BRA,ongoing,1989,2025,36,,1991,2,2510.0,7910.0,31.73,31.73,73.39,33.03
18,Brazil,BRA,ongoing,1989,2025,36,,1992,3,2330.0,8355.0,27.89,27.89,73.39,33.03
18,Brazil,BRA,ongoing,1989,2025,36,,1993,4,2310.0,8625.0,26.78,26.78,73.39,33.03
18,Brazil,BRA,ongoing,1989,2025,36,,1994,5,2620.0,8955.0,29.26,29.26,73.39,33.03
18,Brazil,BRA,ongoing,1989,2025,36,,1995,6,3440.0,9385.0,36.65,36.65,73.39,33.03
18,Brazil,BRA,ongoing,1989,2025,36,,1996,7,4420.0,9645.0,45.83,45.83,73.39,33.03
18,Brazil,BRA,ongoing,1989,2025,36,,1997,8,5110.0,9655.0,52.93,52.93,73.39,33.03
18,Brazil,BRA,ongoing,1989,2025,36,,1998,9,4980.0,9360.0,53.21,53.21,73.39,33.03
18,Brazil,BRA,ongoing,1989,2025,36,,1999,10,4230.0,9265.0,45.66,45.66,73.39,33.03
18,Brazil,BRA,ongoing,1989,2025,36,,2000,11,3950.0,9265.0,42.63,42.63,73.39,33.03
18,Brazil,BRA,ongoing,1989,2025,36,,2001,12,3370.0,9205.0,36.61,36.61,73.39,33.03
18,Brazil,BRA,ongoing,1989,2025,36,,2002,13,3120.0,9075.0,34.38,34.38,73.39,33.03
18,Brazil,BRA,ongoing,1989,2025,36,,2003,14,3010.0,9385.0,32.07,32.07,73.39,33.03
18,Brazil,BRA,ongoing,1989,2025,36,,2004,15,3370.0,10065.0,33.48,33.48,73.39,33.03
18,Brazil,BRA,ongoing,1989,2025,36,,2005,16,4030.0,10725.0,37.58,37.58,73.39,33.03
18,Brazil,BRA,ongoing,1989,2025,36,,2006,17,4890.0,11115.0,43.99,43.99,73.39,33.03
18,Brazil,BRA,ongoing,1989,2025,36,,2007,18,6240.0,11455.0,54.47,54.47,73.39,33.03
18,Brazil,BRA,ongoing,1989,2025,36,,2008,19,7680.0,11905.0,64.51,64.51,73.39,33.03
18,Brazil,BRA,ongoing,1989,2025,36,,2009,20,8400.0,12195.0,68.88,68.88,73.39,33.03
18,Brazil,BRA,ongoing,1989,2025,36,,2010,21,9750.0,12275.0,79.43,79.43,73.39,33.03
18,Brazil,BRA,ongoing,1989,2025,36,,2011,22,11210.0,12475.0,89.86,89.86,73.39,33.03
18,Brazil,BRA,ongoing,1989,2025,36,,2012,23,12460.0,12615.0,98.77,98.77,73.39,33.03
18,Brazil,BRA,ongoing,1989,2025,36,,2013,24,12950.0,12745.0,101.61,100.0,73.39,33.03
18,Brazil,BRA,ongoing,1989,2025,36,,2014,25,12280.0,12735.0,96.43,96.43,73.39,33.03
18,Brazil,BRA,ongoing,1989,2025,36,,2015,26,10330.0,12475.0,82.81,82.81,73.39,33.03
18,Brazil,BRA,ongoing,1989,2025,36,,2016,27,9050.0,12235.0,73.97,73.97,73.39,33.03
18,Brazil,BRA,ongoing,1989,2025,36,,2017,28,8830.0,12055.0,73.25,73.25,73.39,33.03
18,Brazil,BRA,ongoing,1989,2025,36,,2018,29,9320.0,12375.0,75.31,75.31,73.39,33.03
18,Brazil,BRA,ongoing,1989,2025,36,,2019,30,9410.0,12535.0,75.07,75.07,73.39,33.03
18,Brazil,BRA,ongoing,1989,2025,36,,2020,31,8080.0,12695.0,63.65,63.65,73.39,33.03
18,Brazil,BRA,ongoing,1989,2025,36,,2021,32,8060.0,13205.0,61.04,61.04,73.39,33.03
18,Brazil,BRA,ongoing,1989,2025,36,,2022,33,8440.0,13845.0,60.96,60.96,73.39,33.03
18,Brazil,BRA,ongoing,1989,2025,36,,2023,34,9310.0,14005.0,66.48,66.48,73.39,33.03
18,Brazil,BRA,ongoing,1989,2025,36,,2024,35,9930.0,13935.0,71.26,71.26,73.39,33.03
18,Brazil,BRA,ongoing,1989,2025,36,,2025,36,10550.0,14375.0,73.39,73.39,73.39,33.03
19,South Africa,ZAF,ongoing,1988,2025,37,,1988,0,2660.0,6000.0,44.33,44.33,43.62,36.06
19,South Africa,ZAF,ongoing,1988,2025,37,,1989,1,2810.0,6000.0,46.83,46.83,43.62,36.06
19,South Africa,ZAF,ongoing,1988,2025,37,,1990,2,2830.0,7620.0,37.14,37.14,43.62,36.06
19,South Africa,ZAF,ongoing,1988,2025,37,,1991,3,2960.0,7910.0,37.42,37.42,43.62,36.06
19,South Africa,ZAF,ongoing,1988,2025,37,,1992,4,3230.0,8355.0,38.66,38.66,43.62,36.06
19,South Africa,ZAF,ongoing,1988,2025,37,,1993,5,3380.0,8625.0,39.19,39.19,43.62,36.06
19,South Africa,ZAF,ongoing,1988,2025,37,,1994,6,3550.0,8955.0,39.64,39.64,43.62,36.06
19,South Africa,ZAF,ongoing,1988,2025,37,,1995,7,3730.0,9385.0,39.74,39.74,43.62,36.06
19,South Africa,ZAF,ongoing,1988,2025,37,,1996,8,3790.0,9645.0,39.29,39.29,43.62,36.06
19,South Africa,ZAF,ongoing,1988,2025,37,,1997,9,3750.0,9655.0,38.84,38.84,43.62,36.06
19,South Africa,ZAF,ongoing,1988,2025,37,,1998,10,3390.0,9360.0,36.22,36.22,43.62,36.06
19,South Africa,ZAF,ongoing,1988,2025,37,,1999,11,3300.0,9265.0,35.62,35.62,43.62,36.06
19,South Africa,ZAF,ongoing,1988,2025,37,,2000,12,3260.0,9265.0,35.19,35.19,43.62,36.06
19,South Africa,ZAF,ongoing,1988,2025,37,,2001,13,3060.0,9205.0,33.24,33.24,43.62,36.06
19,South Africa,ZAF,ongoing,1988,2025,37,,2002,14,2870.0,9075.0,31.63,31.63,43.62,36.06
19,South Africa,ZAF,ongoing,1988,2025,37,,2003,15,3160.0,9385.0,33.67,33.67,43.62,36.06
19,South Africa,ZAF,ongoing,1988,2025,37,,2004,16,4040.0,10065.0,40.14,40.14,43.62,36.06
19,South Africa,ZAF,ongoing,1988,2025,37,,2005,17,5430.0,10725.0,50.63,50.63,43.62,36.06
19,South Africa,ZAF,ongoing,1988,2025,37,,2006,18,6120.0,11115.0,55.06,55.06,43.62,36.06
19,South Africa,ZAF,ongoing,1988,2025,37,,2007,19,6440.0,11455.0,56.22,56.22,43.62,36.06
19,South Africa,ZAF,ongoing,1988,2025,37,,2008,20,6490.0,11905.0,54.51,54.51,43.62,36.06
19,South Africa,ZAF,ongoing,1988,2025,37,,2009,21,6350.0,12195.0,52.07,52.07,43.62,36.06
19,South Africa,ZAF,ongoing,1988,2025,37,,2010,22,6730.0,12275.0,54.83,54.83,43.62,36.06
19,South Africa,ZAF,ongoing,1988,2025,37,,2011,23,7620.0,12475.0,61.08,61.08,43.62,36.06
19,South Africa,ZAF,ongoing,1988,2025,37,,2012,24,8220.0,12615.0,65.16,65.16,43.62,36.06
19,South Africa,ZAF,ongoing,1988,2025,37,,2013,25,7930.0,12745.0,62.22,62.22,43.62,36.06
19,South Africa,ZAF,ongoing,1988,2025,37,,2014,26,7230.0,12735.0,56.77,56.77,43.62,36.06
19,South Africa,ZAF,ongoing,1988,2025,37,,2015,27,6450.0,12475.0,51.7,51.7,43.62,36.06
19,South Africa,ZAF,ongoing,1988,2025,37,,2016,28,5880.0,12235.0,48.06,48.06,43.62,36.06
19,South Africa,ZAF,ongoing,1988,2025,37,,2017,29,5850.0,12055.0,48.53,48.53,43.62,36.06
19,South Africa,ZAF,ongoing,1988,2025,37,,2018,30,6250.0,12375.0,50.51,50.51,43.62,36.06
19,South Africa,ZAF,ongoing,1988,2025,37,,2019,31,6570.0,12535.0,52.41,52.41,43.62,36.06
19,South Africa,ZAF,ongoing,1988,2025,37,,2020,32,5930.0,12695.0,46.71,46.71,43.62,36.06
19,South Africa,ZAF,ongoing,1988,2025,37,,2021,33,6320.0,13205.0,47.86,47.86,43.62,36.06
19,South Africa,ZAF,ongoing,1988,2025,37,,2022,34,6530.0,13845.0,47.17,47.17,43.62,36.06
19,South Africa,ZAF,ongoing,1988,2025,37,,2023,35,6490.0,14005.0,46.34,46.34,43.62,36.06
19,South Africa,ZAF,ongoing,1988,2025,37,,2024,36,6110.0,13935.0,43.85,43.85,43.62,36.06
19,South Africa,ZAF,ongoing,1988,2025,37,,2025,37,6270.0,14375.0,43.62,43.62,43.62,36.06
