rank,economy,iso3,status,run_start,run_end,duration_years,tag,year,years_since_entry,gni_per_capita_atlas_usd,umic_entry_threshold_usd,income_pct_of_line,income_pct_censored_100
1,Azerbaijan,AZE,completed,2003,2009,6,fastest,2003,0,840.0,3036.0,27.67,27.67
1,Azerbaijan,AZE,completed,2003,2009,6,fastest,2004,1,960.0,3256.0,29.48,29.48
1,Azerbaijan,AZE,completed,2003,2009,6,fastest,2005,2,1290.0,3466.0,37.22,37.22
1,Azerbaijan,AZE,completed,2003,2009,6,fastest,2006,3,1920.0,3596.0,53.39,53.39
1,Azerbaijan,AZE,completed,2003,2009,6,fastest,2007,4,2740.0,3706.0,73.93,73.93
1,Azerbaijan,AZE,completed,2003,2009,6,fastest,2008,5,3900.0,3856.0,101.14,100.0
1,Azerbaijan,AZE,completed,2003,2009,6,fastest,2009,6,4820.0,3946.0,122.15,100.0
2,Angola,AGO,completed,2004,2011,7,,2004,0,1190.0,3256.0,36.55,36.55
2,Angola,AGO,completed,2004,2011,7,,2005,1,1590.0,3466.0,45.87,45.87
2,Angola,AGO,completed,2004,2011,7,,2006,2,2090.0,3596.0,58.12,58.12
2,Angola,AGO,completed,2004,2011,7,,2007,3,2800.0,3706.0,75.55,75.55
2,Angola,AGO,completed,2004,2011,7,,2008,4,3450.0,3856.0,89.47,89.47
2,Angola,AGO,completed,2004,2011,7,,2009,5,3680.0,3946.0,93.26,93.26
2,Angola,AGO,completed,2004,2011,7,,2010,6,3780.0,3976.0,95.07,95.07
2,Angola,AGO,completed,2004,2011,7,,2011,7,3960.0,4036.0,98.12,98.12
3,China,CHN,completed,1997,2010,13,,1997,0,760.0,3126.0,24.31,24.31
3,China,CHN,completed,1997,2010,13,,1998,1,800.0,3031.0,26.39,26.39
3,China,CHN,completed,1997,2010,13,,1999,2,860.0,2996.0,28.7,28.7
3,China,CHN,completed,1997,2010,13,,2000,3,950.0,2996.0,31.71,31.71
3,China,CHN,completed,1997,2010,13,,2001,4,1020.0,2976.0,34.27,34.27
3,China,CHN,completed,1997,2010,13,,2002,5,1130.0,2936.0,38.49,38.49
3,China,CHN,completed,1997,2010,13,,2003,6,1300.0,3036.0,42.82,42.82
3,China,CHN,completed,1997,2010,13,,2004,7,1530.0,3256.0,46.99,46.99
3,China,CHN,completed,1997,2010,13,,2005,8,1790.0,3466.0,51.64,51.64
3,China,CHN,completed,1997,2010,13,,2006,9,2090.0,3596.0,58.12,58.12
3,China,CHN,completed,1997,2010,13,,2007,10,2550.0,3706.0,68.81,68.81
3,China,CHN,completed,1997,2010,13,,2008,11,3140.0,3856.0,81.43,81.43
3,China,CHN,completed,1997,2010,13,,2009,12,3740.0,3946.0,94.78,94.78
3,China,CHN,completed,1997,2010,13,,2010,13,4410.0,3976.0,110.92,100.0
4,Viet Nam,VNM,completed,2009,2025,16,median,2009,0,1120.0,3946.0,28.38,28.38
4,Viet Nam,VNM,completed,2009,2025,16,median,2010,1,1370.0,3976.0,34.46,34.46
4,Viet Nam,VNM,completed,2009,2025,16,median,2011,2,1630.0,4036.0,40.39,40.39
4,Viet Nam,VNM,completed,2009,2025,16,median,2012,3,1980.0,4086.0,48.46,48.46
4,Viet Nam,VNM,completed,2009,2025,16,median,2013,4,2200.0,4126.0,53.32,53.32
4,Viet Nam,VNM,completed,2009,2025,16,median,2014,5,2390.0,4126.0,57.93,57.93
4,Viet Nam,VNM,completed,2009,2025,16,median,2015,6,2460.0,4036.0,60.95,60.95
4,Viet Nam,VNM,completed,2009,2025,16,median,2016,7,2560.0,3956.0,64.71,64.71
4,Viet Nam,VNM,completed,2009,2025,16,median,2017,8,2680.0,3896.0,68.79,68.79
4,Viet Nam,VNM,completed,2009,2025,16,median,2018,9,3020.0,3996.0,75.58,75.58
4,Viet Nam,VNM,completed,2009,2025,16,median,2019,10,3290.0,4046.0,81.31,81.31
4,Viet Nam,VNM,completed,2009,2025,16,median,2020,11,3400.0,4096.0,83.01,83.01
4,Viet Nam,VNM,completed,2009,2025,16,median,2021,12,3540.0,4256.0,83.18,83.18
4,Viet Nam,VNM,completed,2009,2025,16,median,2022,13,3980.0,4466.0,89.12,89.12
4,Viet Nam,VNM,completed,2009,2025,16,median,2023,14,4140.0,4516.0,91.67,91.67
4,Viet Nam,VNM,completed,2009,2025,16,median,2024,15,4490.0,4496.0,99.87,99.87
4,Viet Nam,VNM,completed,2009,2025,16,median,2025,16,4970.0,4636.0,107.2,100.0
5,Ukraine,UKR,completed,2002,2023,21,,2002,0,780.0,2936.0,26.57,26.57
5,Ukraine,UKR,completed,2002,2023,21,,2003,1,970.0,3036.0,31.95,31.95
5,Ukraine,UKR,completed,2002,2023,21,,2004,2,1250.0,3256.0,38.39,38.39
5,Ukraine,UKR,completed,2002,2023,21,,2005,3,1530.0,3466.0,44.14,44.14
5,Ukraine,UKR,completed,2002,2023,21,,2006,4,1930.0,3596.0,53.67,53.67
5,Ukraine,UKR,completed,2002,2023,21,,2007,5,2560.0,3706.0,69.08,69.08
5,Ukraine,UKR,completed,2002,2023,21,,2008,6,3170.0,3856.0,82.21,82.21
5,Ukraine,UKR,completed,2002,2023,21,,2009,7,2810.0,3946.0,71.21,71.21
5,Ukraine,UKR,completed,2002,2023,21,,2010,8,2990.0,3976.0,75.2,75.2
5,Ukraine,UKR,completed,2002,2023,21,,2011,9,3100.0,4036.0,76.81,76.81
5,Ukraine,UKR,completed,2002,2023,21,,2012,10,3600.0,4086.0,88.11,88.11
5,Ukraine,UKR,completed,2002,2023,21,,2013,11,3900.0,4126.0,94.52,94.52
5,Ukraine,UKR,completed,2002,2023,21,,2014,12,3500.0,4126.0,84.83,84.83
5,Ukraine,UKR,completed,2002,2023,21,,2015,13,2760.0,4036.0,68.38,68.38
5,Ukraine,UKR,completed,2002,2023,21,,2016,14,2330.0,3956.0,58.9,58.9
5,Ukraine,UKR,completed,2002,2023,21,,2017,15,2330.0,3896.0,59.8,59.8
5,Ukraine,UKR,completed,2002,2023,21,,2018,16,2720.0,3996.0,68.07,68.07
5,Ukraine,UKR,completed,2002,2023,21,,2019,17,3270.0,4046.0,80.82,80.82
5,Ukraine,UKR,completed,2002,2023,21,,2020,18,3530.0,4096.0,86.18,86.18
5,Ukraine,UKR,completed,2002,2023,21,,2021,19,4060.0,4256.0,95.39,95.39
5,Ukraine,UKR,completed,2002,2023,21,,2022,20,3930.0,4466.0,88.0,88.0
5,Ukraine,UKR,completed,2002,2023,21,,2023,21,4980.0,4516.0,110.27,100.0
6,Sri Lanka,LKA,completed,1997,2025,28,,1997,0,810.0,3126.0,25.91,25.91
6,Sri Lanka,LKA,completed,1997,2025,28,,1998,1,810.0,3031.0,26.72,26.72
6,Sri Lanka,LKA,completed,1997,2025,28,,1999,2,830.0,2996.0,27.7,27.7
6,Sri Lanka,LKA,completed,1997,2025,28,,2000,3,860.0,2996.0,28.7,28.7
6,Sri Lanka,LKA,completed,1997,2025,28,,2001,4,810.0,2976.0,27.22,27.22
6,Sri Lanka,LKA,completed,1997,2025,28,,2002,5,820.0,2936.0,27.93,27.93
6,Sri Lanka,LKA,completed,1997,2025,28,,2003,6,910.0,3036.0,29.97,29.97
6,Sri Lanka,LKA,completed,1997,2025,28,,2004,7,1030.0,3256.0,31.63,31.63
6,Sri Lanka,LKA,completed,1997,2025,28,,2005,8,1170.0,3466.0,33.76,33.76
6,Sri Lanka,LKA,completed,1997,2025,28,,2006,9,1320.0,3596.0,36.71,36.71
6,Sri Lanka,LKA,completed,1997,2025,28,,2007,10,1500.0,3706.0,40.47,40.47
6,Sri Lanka,LKA,completed,1997,2025,28,,2008,11,1740.0,3856.0,45.12,45.12
6,Sri Lanka,LKA,completed,1997,2025,28,,2009,12,1950.0,3946.0,49.42,49.42
6,Sri Lanka,LKA,completed,1997,2025,28,,2010,13,2360.0,3976.0,59.36,59.36
6,Sri Lanka,LKA,completed,1997,2025,28,,2011,14,2830.0,4036.0,70.12,70.12
6,Sri Lanka,LKA,completed,1997,2025,28,,2012,15,3340.0,4086.0,81.74,81.74
6,Sri Lanka,LKA,completed,1997,2025,28,,2013,16,3630.0,4126.0,87.98,87.98
6,Sri Lanka,LKA,completed,1997,2025,28,,2014,17,3810.0,4126.0,92.34,92.34
6,Sri Lanka,LKA,completed,1997,2025,28,,2015,18,3920.0,4036.0,97.13,97.13
6,Sri Lanka,LKA,completed,1997,2025,28,,2016,19,4020.0,3956.0,101.62,100.0
6,Sri Lanka,LKA,completed,1997,2025,28,,2017,20,4220.0,3896.0,108.32,100.0
6,Sri Lanka,LKA,completed,1997,2025,28,,2018,21,4350.0,3996.0,108.86,100.0
6,Sri Lanka,LKA,completed,1997,2025,28,,2019,22,4220.0,4046.0,104.3,100.0
6,Sri Lanka,LKA,completed,1997,2025,28,,2020,23,3880.0,4096.0,94.73,94.73
6,Sri Lanka,LKA,completed,1997,2025,28,,2021,24,4010.0,4256.0,94.22,94.22
6,Sri Lanka,LKA,completed,1997,2025,28,,2022,25,3620.0,4466.0,81.06,81.06
6,Sri Lanka,LKA,completed,1997,2025,28,,2023,26,3550.0,4516.0,78.61,78.61
6,Sri Lanka,LKA,completed,1997,2025,28,,2024,27,3870.0,4496.0,86.08,86.08
6,Sri Lanka,LKA,completed,1997,2025,28,,2025,28,4670.0,4636.0,100.73,100.0
7,Indonesia,IDN,completed,1993,2022,29,slowest,1993,0,730.0,2786.0,26.2,26.2
7,Indonesia,IDN,completed,1993,2022,29,slowest,1994,1,840.0,2896.0,29.01,29.01
7,Indonesia,IDN,completed,1993,2022,29,slowest,1995,2,970.0,3036.0,31.95,31.95
7,Indonesia,IDN,completed,1993,2022,29,slowest,1996,3,1070.0,3116.0,34.34,34.34
7,Indonesia,IDN,completed,1993,2022,29,slowest,1997,4,1080.0,3126.0,34.55,34.55
7,Indonesia,IDN,completed,1993,2022,29,slowest,1998,5,640.0,3031.0,21.12,21.12
7,Indonesia,IDN,completed,1993,2022,29,slowest,1999,6,560.0,2996.0,18.69,18.69
7,Indonesia,IDN,completed,1993,2022,29,slowest,2000,7,570.0,2996.0,19.03,19.03
7,Indonesia,IDN,completed,1993,2022,29,slowest,2001,8,700.0,2976.0,23.52,23.52
7,Indonesia,IDN,completed,1993,2022,29,slowest,2002,9,780.0,2936.0,26.57,26.57
7,Indonesia,IDN,completed,1993,2022,29,slowest,2003,10,880.0,3036.0,28.99,28.99
7,Indonesia,IDN,completed,1993,2022,29,slowest,2004,11,1060.0,3256.0,32.56,32.56
7,Indonesia,IDN,completed,1993,2022,29,slowest,2005,12,1200.0,3466.0,34.62,34.62
7,Indonesia,IDN,completed,1993,2022,29,slowest,2006,13,1350.0,3596.0,37.54,37.54
7,Indonesia,IDN,completed,1993,2022,29,slowest,2007,14,1570.0,3706.0,42.36,42.36
7,Indonesia,IDN,completed,1993,2022,29,slowest,2008,15,1900.0,3856.0,49.27,49.27
7,Indonesia,IDN,completed,1993,2022,29,slowest,2009,16,2110.0,3946.0,53.47,53.47
7,Indonesia,IDN,completed,1993,2022,29,slowest,2010,17,2490.0,3976.0,62.63,62.63
7,Indonesia,IDN,completed,1993,2022,29,slowest,2011,18,2960.0,4036.0,73.34,73.34
7,Indonesia,IDN,completed,1993,2022,29,slowest,2012,19,3520.0,4086.0,86.15,86.15
7,Indonesia,IDN,completed,1993,2022,29,slowest,2013,20,3670.0,4126.0,88.95,88.95
7,Indonesia,IDN,completed,1993,2022,29,slowest,2014,21,3570.0,4126.0,86.52,86.52
7,Indonesia,IDN,completed,1993,2022,29,slowest,2015,22,3390.0,4036.0,83.99,83.99
7,Indonesia,IDN,completed,1993,2022,29,slowest,2016,23,3370.0,3956.0,85.19,85.19
7,Indonesia,IDN,completed,1993,2022,29,slowest,2017,24,3490.0,3896.0,89.58,89.58
7,Indonesia,IDN,completed,1993,2022,29,slowest,2018,25,3810.0,3996.0,95.35,95.35
7,Indonesia,IDN,completed,1993,2022,29,slowest,2019,26,4020.0,4046.0,99.36,99.36
7,Indonesia,IDN,completed,1993,2022,29,slowest,2020,27,3850.0,4096.0,93.99,93.99
7,Indonesia,IDN,completed,1993,2022,29,slowest,2021,28,4130.0,4256.0,97.04,97.04
7,Indonesia,IDN,completed,1993,2022,29,slowest,2022,29,4520.0,4466.0,101.21,100.0
