rank,economy,iso3,status,run_start,run_end,duration_years,tag,year,years_since_entry,gni_per_capita_atlas_usd,umic_entry_threshold_usd,income_pct_of_line,income_pct_censored_100,latest_income_pct_of_line,distance_to_median_years
1,Cambodia,KHM,ongoing,2015,2025,10,,2015,0,1430.0,4036.0,35.43,35.43,59.32,4.54
1,Cambodia,KHM,ongoing,2015,2025,10,,2016,1,1550.0,3956.0,39.18,39.18,59.32,4.54
1,Cambodia,KHM,ongoing,2015,2025,10,,2017,2,1690.0,3896.0,43.38,43.38,59.32,4.54
1,Cambodia,KHM,ongoing,2015,2025,10,,2018,3,1920.0,3996.0,48.05,48.05,59.32,4.54
1,Cambodia,KHM,ongoing,2015,2025,10,,2019,4,2100.0,4046.0,51.9,51.9,59.32,4.54
1,Cambodia,KHM,ongoing,2015,2025,10,,2020,5,2050.0,4096.0,50.05,50.05,59.32,4.54
1,Cambodia,KHM,ongoing,2015,2025,10,,2021,6,2120.0,4256.0,49.81,49.81,59.32,4.54
1,Cambodia,KHM,ongoing,2015,2025,10,,2022,7,2270.0,4466.0,50.83,50.83,59.32,4.54
1,Cambodia,KHM,ongoing,2015,2025,10,,2023,8,2390.0,4516.0,52.92,52.92,59.32,4.54
1,Cambodia,KHM,ongoing,2015,2025,10,,2024,9,2550.0,4496.0,56.72,56.72,59.32,4.54
1,Cambodia,KHM,ongoing,2015,2025,10,,2025,10,2750.0,4636.0,59.32,59.32,59.32,4.54
2,Bangladesh,BGD,ongoing,2014,2025,11,,2014,0,1080.0,4126.0,26.18,26.18,61.26,4.92
2,Bangladesh,BGD,ongoing,2014,2025,11,,2015,1,1200.0,4036.0,29.73,29.73,61.26,4.92
2,Bangladesh,BGD,ongoing,2014,2025,11,,2016,2,1400.0,3956.0,35.39,35.39,61.26,4.92
2,Bangladesh,BGD,ongoing,2014,2025,11,,2017,3,1640.0,3896.0,42.09,42.09,61.26,4.92
2,Bangladesh,BGD,ongoing,2014,2025,11,,2018,4,2020.0,3996.0,50.55,50.55,61.26,4.92
2,Bangladesh,BGD,ongoing,2014,2025,11,,2019,5,2220.0,4046.0,54.87,54.87,61.26,4.92
2,Bangladesh,BGD,ongoing,2014,2025,11,,2020,6,2320.0,4096.0,56.64,56.64,61.26,4.92
2,Bangladesh,BGD,ongoing,2014,2025,11,,2021,7,2600.0,4256.0,61.09,61.09,61.26,4.92
2,Bangladesh,BGD,ongoing,2014,2025,11,,2022,8,2850.0,4466.0,63.82,63.82,61.26,4.92
2,Bangladesh,BGD,ongoing,2014,2025,11,,2023,9,2880.0,4516.0,63.77,63.77,61.26,4.92
2,Bangladesh,BGD,ongoing,2014,2025,11,,2024,10,2820.0,4496.0,62.72,62.72,61.26,4.92
2,Bangladesh,BGD,ongoing,2014,2025,11,,2025,11,2840.0,4636.0,61.26,61.26,61.26,4.92
3,Uzbekistan,UZB,ongoing,2009,2025,16,,2009,0,1150.0,3946.0,29.14,29.14,79.16,6.37
3,Uzbekistan,UZB,ongoing,2009,2025,16,,2010,1,1460.0,3976.0,36.72,36.72,79.16,6.37
3,Uzbekistan,UZB,ongoing,2009,2025,16,,2011,2,1880.0,4036.0,46.58,46.58,79.16,6.37
3,Uzbekistan,UZB,ongoing,2009,2025,16,,2012,3,2460.0,4086.0,60.21,60.21,79.16,6.37
3,Uzbekistan,UZB,ongoing,2009,2025,16,,2013,4,2780.0,4126.0,67.38,67.38,79.16,6.37
3,Uzbekistan,UZB,ongoing,2009,2025,16,,2014,5,3000.0,4126.0,72.71,72.71,79.16,6.37
3,Uzbekistan,UZB,ongoing,2009,2025,16,,2015,6,3170.0,4036.0,78.54,78.54,79.16,6.37
3,Uzbekistan,UZB,ongoing,2009,2025,16,,2016,7,3230.0,3956.0,81.65,81.65,79.16,6.37
3,Uzbekistan,UZB,ongoing,2009,2025,16,,2017,8,2890.0,3896.0,74.18,74.18,79.16,6.37
3,Uzbekistan,UZB,ongoing,2009,2025,16,,2018,9,2490.0,3996.0,62.31,62.31,79.16,6.37
3,Uzbekistan,UZB,ongoing,2009,2025,16,,2019,10,2240.0,4046.0,55.36,55.36,79.16,6.37
3,Uzbekistan,UZB,ongoing,2009,2025,16,,2020,11,2090.0,4096.0,51.03,51.03,79.16,6.37
3,Uzbekistan,UZB,ongoing,2009,2025,16,,2021,12,2360.0,4256.0,55.45,55.45,79.16,6.37
3,Uzbekistan,UZB,ongoing,2009,2025,16,,2022,13,2620.0,4466.0,58.67,58.67,79.16,6.37
3,Uzbekistan,UZB,ongoing,2009,2025,16,,2023,14,2880.0,4516.0,63.77,63.77,79.16,6.37
3,Uzbekistan,UZB,ongoing,2009,2025,16,,2024,15,3170.0,4496.0,70.51,70.51,79.16,6.37
3,Uzbekistan,UZB,ongoing,2009,2025,16,,2025,16,3670.0,4636.0,79.16,79.16,79.16,6.37
4,Kenya,KEN,ongoing,2014,2025,11,,2014,0,1250.0,4126.0,30.3,30.3,47.45,8.12
4,Kenya,KEN,ongoing,2014,2025,11,,2015,1,1320.0,4036.0,32.71,32.71,47.45,8.12
4,Kenya,KEN,ongoing,2014,2025,11,,2016,2,1490.0,3956.0,37.66,37.66,47.45,8.12
4,Kenya,KEN,ongoing,2014,2025,11,,2017,3,1540.0,3896.0,39.53,39.53,47.45,8.12
4,Kenya,KEN,ongoing,2014,2025,11,,2018,4,1720.0,3996.0,43.04,43.04,47.45,8.12
4,Kenya,KEN,ongoing,2014,2025,11,,2019,5,1880.0,4046.0,46.47,46.47,47.45,8.12
4,Kenya,KEN,ongoing,2014,2025,11,,2020,6,1910.0,4096.0,46.63,46.63,47.45,8.12
4,Kenya,KEN,ongoing,2014,2025,11,,2021,7,2070.0,4256.0,48.64,48.64,47.45,8.12
4,Kenya,KEN,ongoing,2014,2025,11,,2022,8,2170.0,4466.0,48.59,48.59,47.45,8.12
4,Kenya,KEN,ongoing,2014,2025,11,,2023,9,2110.0,4516.0,46.72,46.72,47.45,8.12
4,Kenya,KEN,ongoing,2014,2025,11,,2024,10,2070.0,4496.0,46.04,46.04,47.45,8.12
4,Kenya,KEN,ongoing,2014,2025,11,,2025,11,2200.0,4636.0,47.45,47.45,47.45,8.12
5,Tajikistan,TJK,ongoing,2014,2025,11,,2014,0,1320.0,4126.0,31.99,31.99,44.87,8.45
5,Tajikistan,TJK,ongoing,2014,2025,11,,2015,1,1230.0,4036.0,30.48,30.48,44.87,8.45
5,Tajikistan,TJK,ongoing,2014,2025,11,,2016,2,1090.0,3956.0,27.55,27.55,44.87,8.45
5,Tajikistan,TJK,ongoing,2014,2025,11,,2017,3,1000.0,3896.0,25.67,25.67,44.87,8.45
5,Tajikistan,TJK,ongoing,2014,2025,11,,2018,4,1000.0,3996.0,25.03,25.03,44.87,8.45
5,Tajikistan,TJK,ongoing,2014,2025,11,,2019,5,1050.0,4046.0,25.95,25.95,44.87,8.45
5,Tajikistan,TJK,ongoing,2014,2025,11,,2020,6,1030.0,4096.0,25.15,25.15,44.87,8.45
5,Tajikistan,TJK,ongoing,2014,2025,11,,2021,7,1130.0,4256.0,26.55,26.55,44.87,8.45
5,Tajikistan,TJK,ongoing,2014,2025,11,,2022,8,1360.0,4466.0,30.45,30.45,44.87,8.45
5,Tajikistan,TJK,ongoing,2014,2025,11,,2023,9,1400.0,4516.0,31.0,31.0,44.87,8.45
5,Tajikistan,TJK,ongoing,2014,2025,11,,2024,10,1650.0,4496.0,36.7,36.7,44.87,8.45
5,Tajikistan,TJK,ongoing,2014,2025,11,,2025,11,2080.0,4636.0,44.87,44.87,44.87,8.45
6,Ghana,GHA,ongoing,2010,2025,15,,2010,0,1200.0,3976.0,30.18,30.18,56.73,10.26
6,Ghana,GHA,ongoing,2010,2025,15,,2011,1,1350.0,4036.0,33.45,33.45,56.73,10.26
6,Ghana,GHA,ongoing,2010,2025,15,,2012,2,1490.0,4086.0,36.47,36.47,56.73,10.26
6,Ghana,GHA,ongoing,2010,2025,15,,2013,3,1790.0,4126.0,43.38,43.38,56.73,10.26
6,Ghana,GHA,ongoing,2010,2025,15,,2014,4,1830.0,4126.0,44.35,44.35,56.73,10.26
6,Ghana,GHA,ongoing,2010,2025,15,,2015,5,1880.0,4036.0,46.58,46.58,56.73,10.26
6,Ghana,GHA,ongoing,2010,2025,15,,2016,6,1760.0,3956.0,44.49,44.49,56.73,10.26
6,Ghana,GHA,ongoing,2010,2025,15,,2017,7,1830.0,3896.0,46.97,46.97,56.73,10.26
6,Ghana,GHA,ongoing,2010,2025,15,,2018,8,2060.0,3996.0,51.55,51.55,56.73,10.26
6,Ghana,GHA,ongoing,2010,2025,15,,2019,9,2170.0,4046.0,53.63,53.63,56.73,10.26
6,Ghana,GHA,ongoing,2010,2025,15,,2020,10,2120.0,4096.0,51.76,51.76,56.73,10.26
6,Ghana,GHA,ongoing,2010,2025,15,,2021,11,2250.0,4256.0,52.87,52.87,56.73,10.26
6,Ghana,GHA,ongoing,2010,2025,15,,2022,12,2270.0,4466.0,50.83,50.83,56.73,10.26
6,Ghana,GHA,ongoing,2010,2025,15,,2023,13,2310.0,4516.0,51.15,51.15,56.73,10.26
6,Ghana,GHA,ongoing,2010,2025,15,,2024,14,2260.0,4496.0,50.27,50.27,56.73,10.26
6,Ghana,GHA,ongoing,2010,2025,15,,2025,15,2630.0,4636.0,56.73,56.73,56.73,10.26
7,PNG,PNG,ongoing,2008,2025,17,,2008,0,1360.0,3856.0,35.27,35.27,62.34,10.63
7,PNG,PNG,ongoing,2008,2025,17,,2009,1,1460.0,3946.0,37.0,37.0,62.34,10.63
7,PNG,PNG,ongoing,2008,2025,17,,2010,2,1660.0,3976.0,41.75,41.75,62.34,10.63
7,PNG,PNG,ongoing,2008,2025,17,,2011,3,1730.0,4036.0,42.86,42.86,62.34,10.63
7,PNG,PNG,ongoing,2008,2025,17,,2012,4,2150.0,4086.0,52.62,52.62,62.34,10.63
7,PNG,PNG,ongoing,2008,2025,17,,2013,5,2340.0,4126.0,56.71,56.71,62.34,10.63
7,PNG,PNG,ongoing,2008,2025,17,,2014,6,2790.0,4126.0,67.62,67.62,62.34,10.63
7,PNG,PNG,ongoing,2008,2025,17,,2015,7,2520.0,4036.0,62.44,62.44,62.34,10.63
7,PNG,PNG,ongoing,2008,2025,17,,2016,8,2410.0,3956.0,60.92,60.92,62.34,10.63
7,PNG,PNG,ongoing,2008,2025,17,,2017,9,2310.0,3896.0,59.29,59.29,62.34,10.63
7,PNG,PNG,ongoing,2008,2025,17,,2018,10,2310.0,3996.0,57.81,57.81,62.34,10.63
7,PNG,PNG,ongoing,2008,2025,17,,2019,11,2420.0,4046.0,59.81,59.81,62.34,10.63
7,PNG,PNG,ongoing,2008,2025,17,,2020,12,2410.0,4096.0,58.84,58.84,62.34,10.63
7,PNG,PNG,ongoing,2008,2025,17,,2021,13,2370.0,4256.0,55.69,55.69,62.34,10.63
7,PNG,PNG,ongoing,2008,2025,17,,2022,14,2690.0,4466.0,60.23,60.23,62.34,10.63
7,PNG,PNG,ongoing,2008,2025,17,,2023,15,2800.0,4516.0,62.0,62.0,62.34,10.63
7,PNG,PNG,ongoing,2008,2025,17,,2024,16,2860.0,4496.0,63.61,63.61,62.34,10.63
7,PNG,PNG,ongoing,2008,2025,17,,2025,17,2890.0,4636.0,62.34,62.34,62.34,10.63
8,Myanmar,MMR,ongoing,2014,2025,11,,2014,0,1260.0,4126.0,30.54,30.54,28.47,10.99
8,Myanmar,MMR,ongoing,2014,2025,11,,2015,1,1230.0,4036.0,30.48,30.48,28.47,10.99
8,Myanmar,MMR,ongoing,2014,2025,11,,2016,2,1230.0,3956.0,31.09,31.09,28.47,10.99
8,Myanmar,MMR,ongoing,2014,2025,11,,2017,3,1230.0,3896.0,31.57,31.57,28.47,10.99
8,Myanmar,MMR,ongoing,2014,2025,11,,2018,4,1310.0,3996.0,32.78,32.78,28.47,10.99
8,Myanmar,MMR,ongoing,2014,2025,11,,2019,5,1380.0,4046.0,34.11,34.11,28.47,10.99
8,Myanmar,MMR,ongoing,2014,2025,11,,2020,6,1320.0,4096.0,32.23,32.23,28.47,10.99
8,Myanmar,MMR,ongoing,2014,2025,11,,2021,7,1240.0,4256.0,29.14,29.14,28.47,10.99
8,Myanmar,MMR,ongoing,2014,2025,11,,2022,8,1280.0,4466.0,28.66,28.66,28.47,10.99
8,Myanmar,MMR,ongoing,2014,2025,11,,2023,9,1220.0,4516.0,27.02,27.02,28.47,10.99
8,Myanmar,MMR,ongoing,2014,2025,11,,2024,10,1210.0,4496.0,26.91,26.91,28.47,10.99
8,Myanmar,MMR,ongoing,2014,2025,11,,2025,11,1320.0,4636.0,28.47,28.47,28.47,10.99
9,Côte d'Ivoire,CIV,ongoing,2008,2025,17,,2008,0,1000.0,3856.0,25.93,25.93,59.97,11.33
9,Côte d'Ivoire,CIV,ongoing,2008,2025,17,,2009,1,1080.0,3946.0,27.37,27.37,59.97,11.33
9,Côte d'Ivoire,CIV,ongoing,2008,2025,17,,2010,2,1120.0,3976.0,28.17,28.17,59.97,11.33
9,Côte d'Ivoire,CIV,ongoing,2008,2025,17,,2011,3,1020.0,4036.0,25.27,25.27,59.97,11.33
9,Côte d'Ivoire,CIV,ongoing,2008,2025,17,,2012,4,1140.0,4086.0,27.9,27.9,59.97,11.33
9,Côte d'Ivoire,CIV,ongoing,2008,2025,17,,2013,5,1240.0,4126.0,30.05,30.05,59.97,11.33
9,Côte d'Ivoire,CIV,ongoing,2008,2025,17,,2014,6,1860.0,4126.0,45.08,45.08,59.97,11.33
9,Côte d'Ivoire,CIV,ongoing,2008,2025,17,,2015,7,1880.0,4036.0,46.58,46.58,59.97,11.33
9,Côte d'Ivoire,CIV,ongoing,2008,2025,17,,2016,8,1880.0,3956.0,47.52,47.52,59.97,11.33
9,Côte d'Ivoire,CIV,ongoing,2008,2025,17,,2017,9,1870.0,3896.0,48.0,48.0,59.97,11.33
9,Côte d'Ivoire,CIV,ongoing,2008,2025,17,,2018,10,2010.0,3996.0,50.3,50.3,59.97,11.33
9,Côte d'Ivoire,CIV,ongoing,2008,2025,17,,2019,11,2120.0,4046.0,52.4,52.4,59.97,11.33
9,Côte d'Ivoire,CIV,ongoing,2008,2025,17,,2020,12,2120.0,4096.0,51.76,51.76,59.97,11.33
9,Côte d'Ivoire,CIV,ongoing,2008,2025,17,,2021,13,2300.0,4256.0,54.04,54.04,59.97,11.33
9,Côte d'Ivoire,CIV,ongoing,2008,2025,17,,2022,14,2440.0,4466.0,54.64,54.64,59.97,11.33
9,Côte d'Ivoire,CIV,ongoing,2008,2025,17,,2023,15,2510.0,4516.0,55.58,55.58,59.97,11.33
9,Côte d'Ivoire,CIV,ongoing,2008,2025,17,,2024,16,2520.0,4496.0,56.05,56.05,59.97,11.33
9,Côte d'Ivoire,CIV,ongoing,2008,2025,17,,2025,17,2780.0,4636.0,59.97,59.97,59.97,11.33
10,India,IND,ongoing,2007,2025,18,,2007,0,910.0,3706.0,24.55,24.55,59.53,12.47
10,India,IND,ongoing,2007,2025,18,,2008,1,990.0,3856.0,25.67,25.67,59.53,12.47
10,India,IND,ongoing,2007,2025,18,,2009,2,1110.0,3946.0,28.13,28.13,59.53,12.47
10,India,IND,ongoing,2007,2025,18,,2010,3,1210.0,3976.0,30.43,30.43,59.53,12.47
10,India,IND,ongoing,2007,2025,18,,2011,4,1350.0,4036.0,33.45,33.45,59.53,12.47
10,India,IND,ongoing,2007,2025,18,,2012,5,1460.0,4086.0,35.73,35.73,59.53,12.47
10,India,IND,ongoing,2007,2025,18,,2013,6,1500.0,4126.0,36.35,36.35,59.53,12.47
10,India,IND,ongoing,2007,2025,18,,2014,7,1540.0,4126.0,37.32,37.32,59.53,12.47
10,India,IND,ongoing,2007,2025,18,,2015,8,1580.0,4036.0,39.15,39.15,59.53,12.47
10,India,IND,ongoing,2007,2025,18,,2016,9,1670.0,3956.0,42.21,42.21,59.53,12.47
10,India,IND,ongoing,2007,2025,18,,2017,10,1790.0,3896.0,45.94,45.94,59.53,12.47
10,India,IND,ongoing,2007,2025,18,,2018,11,1970.0,3996.0,49.3,49.3,59.53,12.47
10,India,IND,ongoing,2007,2025,18,,2019,12,2070.0,4046.0,51.16,51.16,59.53,12.47
10,India,IND,ongoing,2007,2025,18,,2020,13,1900.0,4096.0,46.39,46.39,59.53,12.47
10,India,IND,ongoing,2007,2025,18,,2021,14,2170.0,4256.0,50.99,50.99,59.53,12.47
10,India,IND,ongoing,2007,2025,18,,2022,15,2360.0,4466.0,52.84,52.84,59.53,12.47
10,India,IND,ongoing,2007,2025,18,,2023,16,2490.0,4516.0,55.14,55.14,59.53,12.47
10,India,IND,ongoing,2007,2025,18,,2024,17,2550.0,4496.0,56.72,56.72,59.53,12.47
10,India,IND,ongoing,2007,2025,18,,2025,18,2760.0,4636.0,59.53,59.53,59.53,12.47
11,Senegal,SEN,ongoing,2009,2025,16,,2009,0,1330.0,3946.0,33.71,33.71,38.4,14.34
11,Senegal,SEN,ongoing,2009,2025,16,,2010,1,1340.0,3976.0,33.7,33.7,38.4,14.34
11,Senegal,SEN,ongoing,2009,2025,16,,2011,2,1310.0,4036.0,32.46,32.46,38.4,14.34
11,Senegal,SEN,ongoing,2009,2025,16,,2012,3,1320.0,4086.0,32.31,32.31,38.4,14.34
11,Senegal,SEN,ongoing,2009,2025,16,,2013,4,1350.0,4126.0,32.72,32.72,38.4,14.34
11,Senegal,SEN,ongoing,2009,2025,16,,2014,5,1370.0,4126.0,33.2,33.2,38.4,14.34
11,Senegal,SEN,ongoing,2009,2025,16,,2015,6,1320.0,4036.0,32.71,32.71,38.4,14.34
11,Senegal,SEN,ongoing,2009,2025,16,,2016,7,1270.0,3956.0,32.1,32.1,38.4,14.34
11,Senegal,SEN,ongoing,2009,2025,16,,2017,8,1270.0,3896.0,32.6,32.6,38.4,14.34
11,Senegal,SEN,ongoing,2009,2025,16,,2018,9,1390.0,3996.0,34.78,34.78,38.4,14.34
11,Senegal,SEN,ongoing,2009,2025,16,,2019,10,1430.0,4046.0,35.34,35.34,38.4,14.34
11,Senegal,SEN,ongoing,2009,2025,16,,2020,11,1430.0,4096.0,34.91,34.91,38.4,14.34
11,Senegal,SEN,ongoing,2009,2025,16,,2021,12,1540.0,4256.0,36.18,36.18,38.4,14.34
11,Senegal,SEN,ongoing,2009,2025,16,,2022,13,1590.0,4466.0,35.6,35.6,38.4,14.34
11,Senegal,SEN,ongoing,2009,2025,16,,2023,14,1620.0,4516.0,35.87,35.87,38.4,14.34
11,Senegal,SEN,ongoing,2009,2025,16,,2024,15,1630.0,4496.0,36.25,36.25,38.4,14.34
11,Senegal,SEN,ongoing,2009,2025,16,,2025,16,1780.0,4636.0,38.4,38.4,38.4,14.34
12,Zambia,ZMB,ongoing,2010,2025,15,,2010,0,1310.0,3976.0,32.95,32.95,25.88,15.0
12,Zambia,ZMB,ongoing,2010,2025,15,,2011,1,1380.0,4036.0,34.19,34.19,25.88,15.0
12,Zambia,ZMB,ongoing,2010,2025,15,,2012,2,1640.0,4086.0,40.14,40.14,25.88,15.0
12,Zambia,ZMB,ongoing,2010,2025,15,,2013,3,1710.0,4126.0,41.44,41.44,25.88,15.0
12,Zambia,ZMB,ongoing,2010,2025,15,,2014,4,1740.0,4126.0,42.17,42.17,25.88,15.0
12,Zambia,ZMB,ongoing,2010,2025,15,,2015,5,1530.0,4036.0,37.91,37.91,25.88,15.0
12,Zambia,ZMB,ongoing,2010,2025,15,,2016,6,1320.0,3956.0,33.37,33.37,25.88,15.0
12,Zambia,ZMB,ongoing,2010,2025,15,,2017,7,1260.0,3896.0,32.34,32.34,25.88,15.0
12,Zambia,ZMB,ongoing,2010,2025,15,,2018,8,1390.0,3996.0,34.78,34.78,25.88,15.0
12,Zambia,ZMB,ongoing,2010,2025,15,,2019,9,1380.0,4046.0,34.11,34.11,25.88,15.0
12,Zambia,ZMB,ongoing,2010,2025,15,,2020,10,1110.0,4096.0,27.1,27.1,25.88,15.0
12,Zambia,ZMB,ongoing,2010,2025,15,,2021,11,1050.0,4256.0,24.67,24.67,25.88,15.0
12,Zambia,ZMB,ongoing,2010,2025,15,,2022,12,1170.0,4466.0,26.2,26.2,25.88,15.0
12,Zambia,ZMB,ongoing,2010,2025,15,,2023,13,1270.0,4516.0,28.12,28.12,25.88,15.0
12,Zambia,ZMB,ongoing,2010,2025,15,,2024,14,1190.0,4496.0,26.47,26.47,25.88,15.0
12,Zambia,ZMB,ongoing,2010,2025,15,,2025,15,1200.0,4636.0,25.88,25.88,25.88,15.0
13,Pakistan,PAK,ongoing,2008,2025,17,,2008,0,1000.0,3856.0,25.93,25.93,32.36,16.35
13,Pakistan,PAK,ongoing,2008,2025,17,,2009,1,1020.0,3946.0,25.85,25.85,32.36,16.35
13,Pakistan,PAK,ongoing,2008,2025,17,,2010,2,1000.0,3976.0,25.15,25.15,32.36,16.35
13,Pakistan,PAK,ongoing,2008,2025,17,,2011,3,1020.0,4036.0,25.27,25.27,32.36,16.35
13,Pakistan,PAK,ongoing,2008,2025,17,,2012,4,1110.0,4086.0,27.17,27.17,32.36,16.35
13,Pakistan,PAK,ongoing,2008,2025,17,,2013,5,1210.0,4126.0,29.33,29.33,32.36,16.35
13,Pakistan,PAK,ongoing,2008,2025,17,,2014,6,1250.0,4126.0,30.3,30.3,32.36,16.35
13,Pakistan,PAK,ongoing,2008,2025,17,,2015,7,1280.0,4036.0,31.71,31.71,32.36,16.35
13,Pakistan,PAK,ongoing,2008,2025,17,,2016,8,1360.0,3956.0,34.38,34.38,32.36,16.35
13,Pakistan,PAK,ongoing,2008,2025,17,,2017,9,1450.0,3896.0,37.22,37.22,32.36,16.35
13,Pakistan,PAK,ongoing,2008,2025,17,,2018,10,1560.0,3996.0,39.04,39.04,32.36,16.35
13,Pakistan,PAK,ongoing,2008,2025,17,,2019,11,1520.0,4046.0,37.57,37.57,32.36,16.35
13,Pakistan,PAK,ongoing,2008,2025,17,,2020,12,1370.0,4096.0,33.45,33.45,32.36,16.35
13,Pakistan,PAK,ongoing,2008,2025,17,,2021,13,1420.0,4256.0,33.36,33.36,32.36,16.35
13,Pakistan,PAK,ongoing,2008,2025,17,,2022,14,1510.0,4466.0,33.81,33.81,32.36,16.35
13,Pakistan,PAK,ongoing,2008,2025,17,,2023,15,1450.0,4516.0,32.11,32.11,32.36,16.35
13,Pakistan,PAK,ongoing,2008,2025,17,,2024,16,1430.0,4496.0,31.81,31.81,32.36,16.35
13,Pakistan,PAK,ongoing,2008,2025,17,,2025,17,1500.0,4636.0,32.36,32.36,32.36,16.35
14,Nigeria,NGA,ongoing,2008,2025,17,,2008,0,1890.0,3856.0,49.01,49.01,29.34,16.84
14,Nigeria,NGA,ongoing,2008,2025,17,,2009,1,1960.0,3946.0,49.67,49.67,29.34,16.84
14,Nigeria,NGA,ongoing,2008,2025,17,,2010,2,2050.0,3976.0,51.56,51.56,29.34,16.84
14,Nigeria,NGA,ongoing,2008,2025,17,,2011,3,2100.0,4036.0,52.03,52.03,29.34,16.84
14,Nigeria,NGA,ongoing,2008,2025,17,,2012,4,2360.0,4086.0,57.76,57.76,29.34,16.84
14,Nigeria,NGA,ongoing,2008,2025,17,,2013,5,2600.0,4126.0,63.02,63.02,29.34,16.84
14,Nigeria,NGA,ongoing,2008,2025,17,,2014,6,2870.0,4126.0,69.56,69.56,29.34,16.84
14,Nigeria,NGA,ongoing,2008,2025,17,,2015,7,2760.0,4036.0,68.38,68.38,29.34,16.84
14,Nigeria,NGA,ongoing,2008,2025,17,,2016,8,2370.0,3956.0,59.91,59.91,29.34,16.84
14,Nigeria,NGA,ongoing,2008,2025,17,,2017,9,2020.0,3896.0,51.85,51.85,29.34,16.84
14,Nigeria,NGA,ongoing,2008,2025,17,,2018,10,1950.0,3996.0,48.8,48.8,29.34,16.84
14,Nigeria,NGA,ongoing,2008,2025,17,,2019,11,2260.0,4046.0,55.86,55.86,29.34,16.84
14,Nigeria,NGA,ongoing,2008,2025,17,,2020,12,2460.0,4096.0,60.06,60.06,29.34,16.84
14,Nigeria,NGA,ongoing,2008,2025,17,,2021,13,2860.0,4256.0,67.2,67.2,29.34,16.84
14,Nigeria,NGA,ongoing,2008,2025,17,,2022,14,2940.0,4466.0,65.83,65.83,29.34,16.84
14,Nigeria,NGA,ongoing,2008,2025,17,,2023,15,2590.0,4516.0,57.35,57.35,29.34,16.84
14,Nigeria,NGA,ongoing,2008,2025,17,,2024,16,1710.0,4496.0,38.03,38.03,29.34,16.84
14,Nigeria,NGA,ongoing,2008,2025,17,,2025,17,1360.0,4636.0,29.34,29.34,29.34,16.84
15,Honduras,HND,ongoing,1999,2025,26,,1999,0,1010.0,2996.0,33.71,33.71,70.53,17.74
15,Honduras,HND,ongoing,1999,2025,26,,2000,1,1060.0,2996.0,35.38,35.38,70.53,17.74
15,Honduras,HND,ongoing,1999,2025,26,,2001,2,1050.0,2976.0,35.28,35.28,70.53,17.74
15,Honduras,HND,ongoing,1999,2025,26,,2002,3,1070.0,2936.0,36.44,36.44,70.53,17.74
15,Honduras,HND,ongoing,1999,2025,26,,2003,4,1130.0,3036.0,37.22,37.22,70.53,17.74
15,Honduras,HND,ongoing,1999,2025,26,,2004,5,1210.0,3256.0,37.16,37.16,70.53,17.74
15,Honduras,HND,ongoing,1999,2025,26,,2005,6,1290.0,3466.0,37.22,37.22,70.53,17.74
15,Honduras,HND,ongoing,1999,2025,26,,2006,7,1360.0,3596.0,37.82,37.82,70.53,17.74
15,Honduras,HND,ongoing,1999,2025,26,,2007,8,1490.0,3706.0,40.21,40.21,70.53,17.74
15,Honduras,HND,ongoing,1999,2025,26,,2008,9,1620.0,3856.0,42.01,42.01,70.53,17.74
15,Honduras,HND,ongoing,1999,2025,26,,2009,10,1670.0,3946.0,42.32,42.32,70.53,17.74
15,Honduras,HND,ongoing,1999,2025,26,,2010,11,1730.0,3976.0,43.51,43.51,70.53,17.74
15,Honduras,HND,ongoing,1999,2025,26,,2011,12,1860.0,4036.0,46.09,46.09,70.53,17.74
15,Honduras,HND,ongoing,1999,2025,26,,2012,13,1950.0,4086.0,47.72,47.72,70.53,17.74
15,Honduras,HND,ongoing,1999,2025,26,,2013,14,1990.0,4126.0,48.23,48.23,70.53,17.74
15,Honduras,HND,ongoing,1999,2025,26,,2014,15,1980.0,4126.0,47.99,47.99,70.53,17.74
15,Honduras,HND,ongoing,1999,2025,26,,2015,16,2030.0,4036.0,50.3,50.3,70.53,17.74
15,Honduras,HND,ongoing,1999,2025,26,,2016,17,2090.0,3956.0,52.83,52.83,70.53,17.74
15,Honduras,HND,ongoing,1999,2025,26,,2017,18,2210.0,3896.0,56.72,56.72,70.53,17.74
15,Honduras,HND,ongoing,1999,2025,26,,2018,19,2280.0,3996.0,57.06,57.06,70.53,17.74
15,Honduras,HND,ongoing,1999,2025,26,,2019,20,2330.0,4046.0,57.59,57.59,70.53,17.74
15,Honduras,HND,ongoing,1999,2025,26,,2020,21,2120.0,4096.0,51.76,51.76,70.53,17.74
15,Honduras,HND,ongoing,1999,2025,26,,2021,22,2440.0,4256.0,57.33,57.33,70.53,17.74
15,Honduras,HND,ongoing,1999,2025,26,,2022,23,2700.0,4466.0,60.46,60.46,70.53,17.74
15,Honduras,HND,ongoing,1999,2025,26,,2023,24,2870.0,4516.0,63.55,63.55,70.53,17.74
15,Honduras,HND,ongoing,1999,2025,26,,2024,25,3020.0,4496.0,67.17,67.17,70.53,17.74
15,Honduras,HND,ongoing,1999,2025,26,,2025,26,3270.0,4636.0,70.53,70.53,70.53,17.74
16,Sudan,SDN,ongoing,2007,2025,18,,2007,0,1160.0,3706.0,31.3,31.3,19.41,18.0
16,Sudan,SDN,ongoing,2007,2025,18,,2008,1,1350.0,3856.0,35.01,35.01,19.41,18.0
16,Sudan,SDN,ongoing,2007,2025,18,,2009,2,1310.0,3946.0,33.2,33.2,19.41,18.0
16,Sudan,SDN,ongoing,2007,2025,18,,2010,3,1230.0,3976.0,30.94,30.94,19.41,18.0
16,Sudan,SDN,ongoing,2007,2025,18,,2011,4,1250.0,4036.0,30.97,30.97,19.41,18.0
16,Sudan,SDN,ongoing,2007,2025,18,,2012,5,1120.0,4086.0,27.41,27.41,19.41,18.0
16,Sudan,SDN,ongoing,2007,2025,18,,2013,6,1060.0,4126.0,25.69,25.69,19.41,18.0
16,Sudan,SDN,ongoing,2007,2025,18,,2014,7,1130.0,4126.0,27.39,27.39,19.41,18.0
16,Sudan,SDN,ongoing,2007,2025,18,,2015,8,1180.0,4036.0,29.24,29.24,19.41,18.0
16,Sudan,SDN,ongoing,2007,2025,18,,2016,9,1140.0,3956.0,28.82,28.82,19.41,18.0
16,Sudan,SDN,ongoing,2007,2025,18,,2017,10,1010.0,3896.0,25.92,25.92,19.41,18.0
16,Sudan,SDN,ongoing,2007,2025,18,,2018,11,810.0,3996.0,20.27,20.27,19.41,18.0
16,Sudan,SDN,ongoing,2007,2025,18,,2019,12,720.0,4046.0,17.8,17.8,19.41,18.0
16,Sudan,SDN,ongoing,2007,2025,18,,2020,13,600.0,4096.0,14.65,14.65,19.41,18.0
16,Sudan,SDN,ongoing,2007,2025,18,,2021,14,620.0,4256.0,14.57,14.57,19.41,18.0
16,Sudan,SDN,ongoing,2007,2025,18,,2022,15,720.0,4466.0,16.12,16.12,19.41,18.0
16,Sudan,SDN,ongoing,2007,2025,18,,2023,16,660.0,4516.0,14.61,14.61,19.41,18.0
16,Sudan,SDN,ongoing,2007,2025,18,,2024,17,710.0,4496.0,15.79,15.79,19.41,18.0
16,Sudan,SDN,ongoing,2007,2025,18,,2025,18,900.0,4636.0,19.41,19.41,19.41,18.0
17,Cameroon,CMR,ongoing,2005,2025,20,,2005,0,1140.0,3466.0,32.89,32.89,40.12,18.04
17,Cameroon,CMR,ongoing,2005,2025,20,,2006,1,1200.0,3596.0,33.37,33.37,40.12,18.04
17,Cameroon,CMR,ongoing,2005,2025,20,,2007,2,1250.0,3706.0,33.73,33.73,40.12,18.04
17,Cameroon,CMR,ongoing,2005,2025,20,,2008,3,1360.0,3856.0,35.27,35.27,40.12,18.04
17,Cameroon,CMR,ongoing,2005,2025,20,,2009,4,1460.0,3946.0,37.0,37.0,40.12,18.04
17,Cameroon,CMR,ongoing,2005,2025,20,,2010,5,1450.0,3976.0,36.47,36.47,40.12,18.04
17,Cameroon,CMR,ongoing,2005,2025,20,,2011,6,1470.0,4036.0,36.42,36.42,40.12,18.04
17,Cameroon,CMR,ongoing,2005,2025,20,,2012,7,1470.0,4086.0,35.98,35.98,40.12,18.04
17,Cameroon,CMR,ongoing,2005,2025,20,,2013,8,1530.0,4126.0,37.08,37.08,40.12,18.04
17,Cameroon,CMR,ongoing,2005,2025,20,,2014,9,1570.0,4126.0,38.05,38.05,40.12,18.04
17,Cameroon,CMR,ongoing,2005,2025,20,,2015,10,1530.0,4036.0,37.91,37.91,40.12,18.04
17,Cameroon,CMR,ongoing,2005,2025,20,,2016,11,1470.0,3956.0,37.16,37.16,40.12,18.04
17,Cameroon,CMR,ongoing,2005,2025,20,,2017,12,1410.0,3896.0,36.19,36.19,40.12,18.04
17,Cameroon,CMR,ongoing,2005,2025,20,,2018,13,1520.0,3996.0,38.04,38.04,40.12,18.04
17,Cameroon,CMR,ongoing,2005,2025,20,,2019,14,1560.0,4046.0,38.56,38.56,40.12,18.04
17,Cameroon,CMR,ongoing,2005,2025,20,,2020,15,1540.0,4096.0,37.6,37.6,40.12,18.04
17,Cameroon,CMR,ongoing,2005,2025,20,,2021,16,1610.0,4256.0,37.83,37.83,40.12,18.04
17,Cameroon,CMR,ongoing,2005,2025,20,,2022,17,1660.0,4466.0,37.17,37.17,40.12,18.04
17,Cameroon,CMR,ongoing,2005,2025,20,,2023,18,1680.0,4516.0,37.2,37.2,40.12,18.04
17,Cameroon,CMR,ongoing,2005,2025,20,,2024,19,1690.0,4496.0,37.59,37.59,40.12,18.04
17,Cameroon,CMR,ongoing,2005,2025,20,,2025,20,1860.0,4636.0,40.12,40.12,40.12,18.04
18,Egypt,EGY,ongoing,1995,2025,30,,1995,0,880.0,3036.0,28.99,28.99,70.32,21.77
18,Egypt,EGY,ongoing,1995,2025,30,,1996,1,970.0,3116.0,31.13,31.13,70.32,21.77
18,Egypt,EGY,ongoing,1995,2025,30,,1997,2,1070.0,3126.0,34.23,34.23,70.32,21.77
18,Egypt,EGY,ongoing,1995,2025,30,,1998,3,1140.0,3031.0,37.61,37.61,70.32,21.77
18,Egypt,EGY,ongoing,1995,2025,30,,1999,4,1240.0,2996.0,41.39,41.39,70.32,21.77
18,Egypt,EGY,ongoing,1995,2025,30,,2000,5,1330.0,2996.0,44.39,44.39,70.32,21.77
18,Egypt,EGY,ongoing,1995,2025,30,,2001,6,1350.0,2976.0,45.36,45.36,70.32,21.77
18,Egypt,EGY,ongoing,1995,2025,30,,2002,7,1250.0,2936.0,42.57,42.57,70.32,21.77
18,Egypt,EGY,ongoing,1995,2025,30,,2003,8,1160.0,3036.0,38.21,38.21,70.32,21.77
18,Egypt,EGY,ongoing,1995,2025,30,,2004,9,1120.0,3256.0,34.4,34.4,70.32,21.77
18,Egypt,EGY,ongoing,1995,2025,30,,2005,10,1130.0,3466.0,32.6,32.6,70.32,21.77
18,Egypt,EGY,ongoing,1995,2025,30,,2006,11,1230.0,3596.0,34.2,34.2,70.32,21.77
18,Egypt,EGY,ongoing,1995,2025,30,,2007,12,1420.0,3706.0,38.32,38.32,70.32,21.77
18,Egypt,EGY,ongoing,1995,2025,30,,2008,13,1710.0,3856.0,44.35,44.35,70.32,21.77
18,Egypt,EGY,ongoing,1995,2025,30,,2009,14,1970.0,3946.0,49.92,49.92,70.32,21.77
18,Egypt,EGY,ongoing,1995,2025,30,,2010,15,2200.0,3976.0,55.33,55.33,70.32,21.77
18,Egypt,EGY,ongoing,1995,2025,30,,2011,16,2380.0,4036.0,58.97,58.97,70.32,21.77
18,Egypt,EGY,ongoing,1995,2025,30,,2012,17,2630.0,4086.0,64.37,64.37,70.32,21.77
18,Egypt,EGY,ongoing,1995,2025,30,,2013,18,2810.0,4126.0,68.1,68.1,70.32,21.77
18,Egypt,EGY,ongoing,1995,2025,30,,2014,19,3000.0,4126.0,72.71,72.71,70.32,21.77
18,Egypt,EGY,ongoing,1995,2025,30,,2015,20,3100.0,4036.0,76.81,76.81,70.32,21.77
18,Egypt,EGY,ongoing,1995,2025,30,,2016,21,3200.0,3956.0,80.89,80.89,70.32,21.77
18,Egypt,EGY,ongoing,1995,2025,30,,2017,22,2880.0,3896.0,73.92,73.92,70.32,21.77
18,Egypt,EGY,ongoing,1995,2025,30,,2018,23,2710.0,3996.0,67.82,67.82,70.32,21.77
18,Egypt,EGY,ongoing,1995,2025,30,,2019,24,2640.0,4046.0,65.25,65.25,70.32,21.77
18,Egypt,EGY,ongoing,1995,2025,30,,2020,25,2960.0,4096.0,72.27,72.27,70.32,21.77
18,Egypt,EGY,ongoing,1995,2025,30,,2021,26,3470.0,4256.0,81.53,81.53,70.32,21.77
18,Egypt,EGY,ongoing,1995,2025,30,,2022,27,4040.0,4466.0,90.46,90.46,70.32,21.77
18,Egypt,EGY,ongoing,1995,2025,30,,2023,28,3840.0,4516.0,85.03,85.03,70.32,21.77
18,Egypt,EGY,ongoing,1995,2025,30,,2024,29,3510.0,4496.0,78.07,78.07,70.32,21.77
18,Egypt,EGY,ongoing,1995,2025,30,,2025,30,3260.0,4636.0,70.32,70.32,70.32,21.77
